1, M, 1, 0.9201
2, A, 1, 0.9179
3, S, 1, 0.9174
4, N, 1, 0.9114
5, D, 1, 0.9098
6, Y, 1, 0.9019
7, T, 1, 0.9018
8, Q, 1, 0.9002
9, Q, 1, 0.8861
10, A, 1, 0.8531
11, T, 1, 0.8126
12, Q, 1, 0.7670
13, S, 1, 0.7138
14, Y, 1, 0.6590
15, G, 1, 0.6196
16, A, 1, 0.5837
17, Y, 1, 0.5653
18, P, 1, 0.5583
19, T, 1, 0.5727
20, Q, 1, 0.5969
21, P, 1, 0.6056
22, G, 1, 0.6142
23, Q, 1, 0.6251
24, G, 1, 0.6291
25, Y, 1, 0.6251
26, S, 1, 0.6199
27, Q, 1, 0.6220
28, Q, 1, 0.6154
29, S, 1, 0.6153
30, S, 1, 0.6185
31, Q, 1, 0.6285
32, P, 1, 0.6319
33, Y, 1, 0.6318
34, G, 1, 0.6286
35, Q, 1, 0.6360
36, Q, 1, 0.6418
37, S, 1, 0.6405
38, Y, 1, 0.6379
39, S, 1, 0.6443
40, G, 1, 0.6459
41, Y, 1, 0.6508
42, S, 1, 0.6545
43, Q, 1, 0.6596
44, S, 1, 0.6625
45, T, 1, 0.6625
46, D, 1, 0.6610
47, T, 1, 0.6670
48, S, 1, 0.6619
49, G, 1, 0.6431
50, Y, 1, 0.6183
51, G, 1, 0.5999
52, Q, 1, 0.5807
53, S, 1, 0.5575
54, S, 1, 0.5396
55, Y, 1, 0.5318
56, S, 1, 0.5378
57, S, 1, 0.5476
58, Y, 1, 0.5605
59, G, 1, 0.5747
60, Q, 1, 0.5861
61, S, 1, 0.5939
62, Q, 1, 0.6066
63, N, 1, 0.6124
64, T, 1, 0.6154
65, G, 1, 0.6105
66, Y, 1, 0.5994
67, G, 1, 0.5878
68, T, 1, 0.5793
69, Q, 1, 0.5683
70, S, 1, 0.5504
71, T, 1, 0.5366
72, P, 1, 0.5343
73, Q, 1, 0.5354
74, G, 1, 0.5425
75, Y, 1, 0.5471
76, G, 1, 0.5567
77, S, 1, 0.5646
78, T, 1, 0.5746
79, G, 1, 0.5919
80, G, 1, 0.6076
81, Y, 1, 0.6258
82, G, 1, 0.6385
83, S, 1, 0.6519
84, S, 1, 0.6599
85, Q, 1, 0.6605
86, S, 1, 0.6497
87, S, 1, 0.6403
88, Q, 1, 0.6303
89, S, 1, 0.6234
90, S, 1, 0.6217
91, Y, 1, 0.6244
92, G, 1, 0.6241
93, Q, 1, 0.6300
94, Q, 1, 0.6466
95, S, 1, 0.6619
96, S, 1, 0.6777
97, Y, 1, 0.6950
98, P, 1, 0.7069
99, G, 1, 0.7235
100, Y, 1, 0.7404
101, G, 1, 0.7535
102, Q, 1, 0.7675
103, Q, 1, 0.7870
104, P, 1, 0.7979
105, A, 1, 0.8103
106, P, 1, 0.8279
107, S, 1, 0.8493
108, S, 1, 0.8693
109, T, 1, 0.8914
110, S, 1, 0.9008
111, G, 1, 0.9060
112, S, 1, 0.9090
113, Y, 1, 0.9102
114, G, 1, 0.9107
115, S, 1, 0.9101
116, S, 1, 0.9085
117, S, 1, 0.9053
118, Q, 1, 0.9021
119, S, 1, 0.9084
120, S, 1, 0.8900
121, S, 1, 0.8724
122, Y, 1, 0.8574
123, G, 1, 0.8380
124, Q, 1, 0.8207
125, P, 1, 0.7979
126, Q, 1, 0.7735
127, S, 1, 0.7475
128, G, 1, 0.7258
129, S, 1, 0.7039
130, Y, 1, 0.6986
131, S, 1, 0.6901
132, Q, 1, 0.6846
133, Q, 1, 0.6829
134, P, 1, 0.6906
135, S, 1, 0.7032
136, Y, 1, 0.7300
137, G, 1, 0.7529
138, G, 1, 0.7674
139, Q, 1, 0.7770
140, Q, 1, 0.7806
141, Q, 1, 0.7829
142, S, 1, 0.7865
143, Y, 1, 0.7792
144, G, 1, 0.7737
145, Q, 1, 0.7683
146, Q, 1, 0.7622
147, Q, 1, 0.7602
148, S, 1, 0.7642
149, Y, 1, 0.7753
150, N, 1, 0.7776
151, P, 1, 0.7908
152, P, 1, 0.8017
153, Q, 1, 0.8088
154, G, 1, 0.8100
155, Y, 1, 0.8164
156, G, 1, 0.8212
157, Q, 1, 0.8228
158, Q, 1, 0.8209
159, N, 1, 0.8219
160, Q, 1, 0.8201
161, Y, 1, 0.8284
162, N, 1, 0.8369
163, S, 1, 0.8551
164, S, 1, 0.8704
165, S, 1, 0.8897
166, G, 1, 0.9004
167, G, 1, 0.9066
168, G, 1, 0.9111
169, G, 1, 0.9130
170, G, 1, 0.9138
171, G, 1, 0.9136
172, G, 1, 0.9098
173, G, 1, 0.9063
174, G, 1, 0.9019
175, G, 1, 0.8913
176, N, 1, 0.8613
177, Y, 1, 0.8343
178, G, 1, 0.8092
179, Q, 1, 0.7904
180, D, 1, 0.7733
181, Q, 1, 0.7636
182, S, 1, 0.7702
183, S, 1, 0.7815
184, M, 1, 0.7983
185, S, 1, 0.8154
186, S, 1, 0.8361
187, G, 1, 0.8493
188, G, 1, 0.8560
189, G, 1, 0.8473
190, S, 1, 0.8349
191, G, 1, 0.8117
192, G, 1, 0.7802
193, G, 1, 0.7569
194, Y, 1, 0.7370
195, G, 1, 0.7185
196, N, 1, 0.7100
197, Q, 1, 0.7082
198, D, 1, 0.7230
199, Q, 1, 0.7502
200, S, 1, 0.7825
201, G, 1, 0.8131
202, G, 1, 0.8514
203, G, 1, 0.8747
204, G, 1, 0.8998
205, S, 1, 0.9012
206, G, 1, 0.9013
207, G, 1, 0.9088
208, Y, 1, 0.8898
209, G, 1, 0.8731
210, Q, 1, 0.8576
211, Q, 1, 0.8449
212, D, 1, 0.8397
213, R, 1, 0.8438
214, G, 1, 0.8603
215, G, 1, 0.8737
216, R, 1, 0.8918
217, G, 1, 0.9049
218, R, 1, 0.9031
219, G, 1, 0.9076
220, G, 1, 0.9115
221, S, 1, 0.9169
222, G, 1, 0.9209
223, G, 1, 0.9234
224, G, 1, 0.9262
225, G, 1, 0.9271
226, G, 1, 0.9291
227, G, 1, 0.9275
228, G, 1, 0.9244
229, G, 1, 0.9205
230, G, 1, 0.9165
231, G, 1, 0.9103
232, Y, 1, 0.9078
233, N, 1, 0.9053
234, R, 1, 0.9012
235, S, 1, 0.8985
236, S, 1, 0.8825
237, G, 1, 0.8655
238, G, 1, 0.8573
239, Y, 1, 0.8432
240, E, 1, 0.8337
241, P, 1, 0.8319
242, R, 1, 0.8385
243, G, 1, 0.8422
244, R, 1, 0.8656
245, G, 1, 0.8864
246, G, 1, 0.9036
247, G, 1, 0.9040
248, R, 1, 0.9091
249, G, 1, 0.9120
250, G, 1, 0.9146
251, R, 1, 0.9169
252, G, 1, 0.9190
253, G, 1, 0.9193
254, M, 1, 0.9164
255, G, 1, 0.9092
256, G, 1, 0.9023
257, S, 1, 0.8803
258, D, 1, 0.8451
259, R, 1, 0.8208
260, G, 1, 0.7873
261, G, 1, 0.7596
262, F, 1, 0.7521
263, N, 1, 0.7549
264, K, 1, 0.7677
265, F, 1, 0.7784
266, G, 1, 0.7870
267, G, 1, 0.7978
268, P, 1, 0.8122
269, R, 1, 0.8199
270, D, 1, 0.8355
271, Q, 1, 0.8433
272, G, 1, 0.8336
273, S, 1, 0.8270
274, R, 1, 0.8211
275, H, 1, 0.8101
276, D, 1, 0.8008
277, S, 1, 0.7942
278, E, 1, 0.7818
279, Q, 1, 0.7609
280, D, 1, 0.7286
281, N, 1, 0.6853
282, S, 1, 0.6385
283, D, 1, 0.5700
284, N, -1, 0.4789
285, N, -1, 0.4238
286, T, -1, 0.3771
287, I, -1, 0.3366
288, F, -1, 0.3146
289, V, -1, 0.3177
290, Q, -1, 0.3282
291, G, -1, 0.3363
292, L, -1, 0.3472
293, G, -1, 0.3514
294, E, -1, 0.3532
295, N, -1, 0.3430
296, V, -1, 0.3275
297, T, -1, 0.3075
298, I, -1, 0.2864
299, E, -1, 0.2590
300, S, -1, 0.2425
301, V, -1, 0.2212
302, A, -1, 0.2009
303, D, -1, 0.1808
304, Y, -1, 0.1760
305, F, -1, 0.1676
306, K, -1, 0.1732
307, Q, -1, 0.1835
308, I, -1, 0.1939
309, G, -1, 0.2158
310, I, -1, 0.2449
311, I, -1, 0.2723
312, K, -1, 0.3005
313, T, -1, 0.3102
314, N, -1, 0.3253
315, K, -1, 0.3333
316, K, -1, 0.3345
317, T, -1, 0.3209
318, G, -1, 0.3115
319, Q, -1, 0.2953
320, P, -1, 0.2739
321, M, -1, 0.2620
322, I, -1, 0.2563
323, N, -1, 0.2560
324, L, -1, 0.2647
325, Y, -1, 0.2757
326, T, -1, 0.3038
327, D, -1, 0.3342
328, R, -1, 0.3611
329, E, -1, 0.3936
330, T, -1, 0.4278
331, G, -1, 0.4547
332, K, -1, 0.4702
333, L, -1, 0.4745
334, K, -1, 0.4737
335, G, -1, 0.4671
336, E, -1, 0.4476
337, A, -1, 0.4191
338, T, -1, 0.3988
339, V, -1, 0.3783
340, S, -1, 0.3550
341, F, -1, 0.3444
342, D, -1, 0.3385
343, D, -1, 0.3402
344, P, -1, 0.3402
345, P, -1, 0.3453
346, S, -1, 0.3532
347, A, -1, 0.3546
348, K, -1, 0.3421
349, A, -1, 0.3266
350, A, -1, 0.3126
351, I, -1, 0.2998
352, D, -1, 0.2849
353, W, -1, 0.2839
354, F, -1, 0.2829
355, D, -1, 0.2937
356, G, -1, 0.3163
357, K, -1, 0.3504
358, E, -1, 0.3812
359, F, -1, 0.4013
360, S, -1, 0.4123
361, G, -1, 0.4159
362, N, -1, 0.4131
363, P, -1, 0.4066
364, I, -1, 0.4017
365, K, -1, 0.3990
366, V, -1, 0.3961
367, S, -1, 0.4100
368, F, -1, 0.4411
369, A, -1, 0.4822
370, T, 1, 0.5519
371, R, 1, 0.6003
372, R, 1, 0.6493
373, A, 1, 0.7005
374, D, 1, 0.7426
375, F, 1, 0.7874
376, N, 1, 0.8268
377, R, 1, 0.8593
378, G, 1, 0.8845
379, G, 1, 0.9093
380, G, 1, 0.9046
381, N, 1, 0.9061
382, G, 1, 0.9049
383, R, 1, 0.9010
384, G, 1, 0.8996
385, G, 1, 0.8918
386, R, 1, 0.8793
387, G, 1, 0.8732
388, R, 1, 0.8671
389, G, 1, 0.8671
390, G, 1, 0.8659
391, P, 1, 0.8709
392, M, 1, 0.8607
393, G, 1, 0.8472
394, R, 1, 0.8332
395, G, 1, 0.8207
396, G, 1, 0.8225
397, Y, 1, 0.8322
398, G, 1, 0.8408
399, G, 1, 0.8546
400, G, 1, 0.8768
401, G, 1, 0.9040
402, S, 1, 0.9045
403, G, 1, 0.9101
404, G, 1, 0.9133
405, G, 1, 0.9137
406, G, 1, 0.9111
407, R, 1, 0.9097
408, G, 1, 0.9069
409, G, 1, 0.9053
410, F, 1, 0.9007
411, P, 1, 0.9028
412, S, 1, 0.8960
413, G, 1, 0.8952
414, G, 1, 0.8959
415, G, 1, 0.9008
416, G, 1, 0.8951
417, G, 1, 0.8632
418, G, 1, 0.8123
419, G, 1, 0.7590
420, Q, 1, 0.6926
421, Q, 1, 0.6205
422, R, 1, 0.5298
423, A, -1, 0.4379
424, G, -1, 0.3755
425, D, -1, 0.3334
426, W, -1, 0.3090
427, K, -1, 0.2947
428, C, -1, 0.2864
429, P, -1, 0.2782
430, N, -1, 0.2735
431, P, -1, 0.2821
432, T, -1, 0.2893
433, C, -1, 0.2813
434, E, -1, 0.2676
435, N, -1, 0.2486
436, M, -1, 0.2376
437, N, -1, 0.2368
438, F, -1, 0.2451
439, S, -1, 0.2512
440, W, -1, 0.2577
441, R, -1, 0.2720
442, N, -1, 0.2954
443, E, -1, 0.3196
444, C, -1, 0.3419
445, N, -1, 0.3618
446, Q, -1, 0.3832
447, C, -1, 0.4092
448, K, -1, 0.4381
449, A, -1, 0.4752
450, P, 1, 0.5407
451, K, 1, 0.5779
452, P, 1, 0.6148
453, D, 1, 0.6561
454, G, 1, 0.6832
455, P, 1, 0.6970
456, G, 1, 0.7139
457, G, 1, 0.7305
458, G, 1, 0.7403
459, P, 1, 0.7534
460, G, 1, 0.7578
461, G, 1, 0.7650
462, S, 1, 0.7639
463, H, 1, 0.7517
464, M, 1, 0.7432
465, G, 1, 0.7287
466, G, 1, 0.7089
467, N, 1, 0.6927
468, Y, 1, 0.6846
469, G, 1, 0.6826
470, D, 1, 0.6902
471, D, 1, 0.6985
472, R, 1, 0.7123
473, R, 1, 0.7286
474, G, 1, 0.7297
475, G, 1, 0.7269
476, R, 1, 0.7278
477, G, 1, 0.7224
478, G, 1, 0.7209
479, Y, 1, 0.7106
480, D, 1, 0.7061
481, R, 1, 0.7091
482, G, 1, 0.7140
483, G, 1, 0.7234
484, Y, 1, 0.7440
485, R, 1, 0.7623
486, G, 1, 0.7653
487, R, 1, 0.7761
488, G, 1, 0.7841
489, G, 1, 0.7756
490, D, 1, 0.7740
491, R, 1, 0.7674
492, G, 1, 0.7766
493, G, 1, 0.7842
494, F, 1, 0.7914
495, R, 1, 0.8054
496, G, 1, 0.8218
497, G, 1, 0.8269
498, R, 1, 0.8210
499, G, 1, 0.8169
500, G, 1, 0.8080
501, G, 1, 0.7781
502, D, 1, 0.7601
503, R, 1, 0.7439
504, G, 1, 0.7389
505, G, 1, 0.7331
506, F, 1, 0.7370
507, G, 1, 0.7517
508, P, 1, 0.7605
509, G, 1, 0.7672
510, K, 1, 0.7825
511, M, 1, 0.8065
512, D, 1, 0.8407
513, S, 1, 0.8697
514, R, 1, 0.8930
515, G, 1, 0.9018
516, E, 1, 0.9090
517, H, 1, 0.9170
518, R, 1, 0.9260
519, Q, 1, 0.9349
520, D, 1, 0.9409
521, R, 1, 0.9513
522, R, 1, 0.9609
523, E, 1, 0.9623
524, R, 1, 0.9633
525, P, 1, 0.9638
526, Y, 1, 0.9622

