1, M, 1, 0.9071
2, V, 1, 0.7498
3, M, 1, 0.7564
4, E, 1, 0.6575
5, K, 1, 0.5566
6, P, -1, 0.4796
7, S, -1, 0.4019
8, P, -1, 0.3547
9, L, -1, 0.2917
10, L, -1, 0.2290
11, V, -1, 0.1692
12, G, -1, 0.1080
13, R, -1, 0.0913
14, E, -1, 0.0793
15, F, -1, 0.0685
16, V, -1, 0.0560
17, R, -1, 0.0490
18, Q, -1, 0.0483
19, Y, -1, 0.0513
20, Y, -1, 0.0589
21, T, -1, 0.0667
22, L, -1, 0.0768
23, L, -1, 0.0858
24, N, -1, 0.0927
25, Q, -1, 0.0992
26, A, -1, 0.1114
27, P, -1, 0.1193
28, D, -1, 0.1113
29, M, -1, 0.1087
30, L, -1, 0.1009
31, H, -1, 0.0982
32, R, -1, 0.1157
33, F, -1, 0.1352
34, Y, -1, 0.1698
35, G, -1, 0.1964
36, K, -1, 0.2275
37, N, -1, 0.2684
38, S, -1, 0.3094
39, S, -1, 0.3424
40, Y, -1, 0.3669
41, V, -1, 0.3831
42, H, -1, 0.3952
43, G, -1, 0.4114
44, G, -1, 0.4389
45, L, -1, 0.4617
46, D, -1, 0.4882
47, S, 1, 0.5267
48, N, 1, 0.5385
49, G, 1, 0.5524
50, K, 1, 0.5496
51, P, 1, 0.5368
52, A, 1, 0.5127
53, D, -1, 0.4664
54, A, -1, 0.4378
55, V, -1, 0.4133
56, Y, -1, 0.3921
57, G, -1, 0.3727
58, Q, -1, 0.3566
59, K, -1, 0.3370
60, E, -1, 0.3249
61, I, -1, 0.3191
62, H, -1, 0.3058
63, R, -1, 0.2984
64, K, -1, 0.2968
65, V, -1, 0.2904
66, M, -1, 0.2842
67, S, -1, 0.2851
68, Q, -1, 0.2728
69, N, -1, 0.2699
70, F, -1, 0.2666
71, T, -1, 0.2626
72, N, -1, 0.2584
73, C, -1, 0.2394
74, H, -1, 0.2190
75, T, -1, 0.2076
76, K, -1, 0.1927
77, I, -1, 0.1715
78, R, -1, 0.1575
79, H, -1, 0.1524
80, V, -1, 0.1397
81, D, -1, 0.1406
82, A, -1, 0.1461
83, H, -1, 0.1500
84, A, -1, 0.1495
85, T, -1, 0.1333
86, L, -1, 0.1206
87, N, -1, 0.1007
88, D, -1, 0.0938
89, G, -1, 0.0833
90, V, -1, 0.0747
91, V, -1, 0.0707
92, V, -1, 0.0675
93, Q, -1, 0.0685
94, V, -1, 0.0740
95, M, -1, 0.0829
96, G, -1, 0.0956
97, L, -1, 0.1270
98, L, -1, 0.1871
99, S, -1, 0.2372
100, N, -1, 0.2661
101, N, -1, 0.2825
102, N, -1, 0.2864
103, Q, -1, 0.2750
104, A, -1, 0.2422
105, L, -1, 0.2045
106, R, -1, 0.1608
107, R, -1, 0.1145
108, F, -1, 0.0954
109, M, -1, 0.0879
110, Q, -1, 0.0842
111, T, -1, 0.0826
112, F, -1, 0.0842
113, V, -1, 0.0915
114, L, -1, 0.0993
115, A, -1, 0.1419
116, P, -1, 0.1860
117, E, -1, 0.2297
118, G, -1, 0.2568
119, S, -1, 0.2651
120, V, -1, 0.2543
121, A, -1, 0.2281
122, N, -1, 0.2055
123, K, -1, 0.1770
124, F, -1, 0.1526
125, Y, -1, 0.1295
126, V, -1, 0.1107
127, H, -1, 0.0942
128, N, -1, 0.0993
129, D, -1, 0.0952
130, I, -1, 0.1094
131, F, -1, 0.1374
132, R, -1, 0.1687
133, Y, -1, 0.1985
134, Q, -1, 0.2517
135, D, -1, 0.3154
136, E, -1, 0.3677
137, V, -1, 0.4110
138, F, -1, 0.4518
139, G, -1, 0.4888
140, G, 1, 0.5559
141, F, 1, 0.6028
142, V, 1, 0.6445
143, T, 1, 0.6896
144, E, 1, 0.7148
145, P, 1, 0.7314
146, Q, 1, 0.7616
147, E, 1, 0.7980
148, E, 1, 0.8037
149, S, 1, 0.8135
150, E, 1, 0.8197
151, E, 1, 0.8204
152, E, 1, 0.8261
153, V, 1, 0.8306
154, E, 1, 0.8345
155, E, 1, 0.8393
156, P, 1, 0.8342
157, E, 1, 0.8233
158, E, 1, 0.8108
159, R, 1, 0.7959
160, Q, 1, 0.7698
161, Q, 1, 0.7481
162, T, 1, 0.7255
163, P, 1, 0.7082
164, E, 1, 0.7032
165, V, 1, 0.6987
166, V, 1, 0.6942
167, P, 1, 0.6941
168, D, 1, 0.6838
169, D, 1, 0.6630
170, S, 1, 0.6456
171, G, 1, 0.6339
172, T, 1, 0.6264
173, F, 1, 0.6211
174, Y, 1, 0.6226
175, D, 1, 0.6333
176, Q, 1, 0.6503
177, A, 1, 0.6637
178, V, 1, 0.6811
179, V, 1, 0.6928
180, S, 1, 0.6909
181, N, 1, 0.6945
182, D, 1, 0.6940
183, M, 1, 0.6930
184, E, 1, 0.6897
185, E, 1, 0.6853
186, H, 1, 0.6794
187, L, 1, 0.6791
188, E, 1, 0.6891
189, E, 1, 0.7032
190, P, 1, 0.7213
191, V, 1, 0.7383
192, A, 1, 0.7603
193, E, 1, 0.7836
194, P, 1, 0.7965
195, E, 1, 0.8068
196, P, 1, 0.8113
197, D, 1, 0.8160
198, P, 1, 0.8146
199, E, 1, 0.8079
200, P, 1, 0.8068
201, E, 1, 0.8022
202, P, 1, 0.7931
203, E, 1, 0.7871
204, Q, 1, 0.7901
205, E, 1, 0.7793
206, P, 1, 0.7723
207, V, 1, 0.7720
208, S, 1, 0.7878
209, E, 1, 0.8070
210, I, 1, 0.8194
211, Q, 1, 0.8311
212, E, 1, 0.8342
213, E, 1, 0.8220
214, K, 1, 0.7974
215, P, 1, 0.7749
216, E, 1, 0.7578
217, P, 1, 0.7288
218, V, 1, 0.7109
219, L, 1, 0.7083
220, E, 1, 0.7245
221, E, 1, 0.7419
222, T, 1, 0.7660
223, A, 1, 0.7996
224, P, 1, 0.8222
225, E, 1, 0.8388
226, D, 1, 0.8485
227, A, 1, 0.8607
228, Q, 1, 0.8749
229, K, 1, 0.8791
230, S, 1, 0.8772
231, S, 1, 0.8785
232, S, 1, 0.8836
233, P, 1, 0.8751
234, A, 1, 0.8633
235, P, 1, 0.8503
236, A, 1, 0.8322
237, D, 1, 0.8189
238, I, 1, 0.8045
239, A, 1, 0.7958
240, Q, 1, 0.7882
241, T, 1, 0.7672
242, V, 1, 0.7504
243, Q, 1, 0.7374
244, E, 1, 0.7083
245, D, 1, 0.6740
246, L, 1, 0.6334
247, R, 1, 0.6006
248, T, 1, 0.5781
249, F, 1, 0.5665
250, S, 1, 0.5571
251, W, 1, 0.5630
252, A, 1, 0.5711
253, S, 1, 0.5760
254, V, 1, 0.5896
255, T, 1, 0.6006
256, S, 1, 0.6049
257, K, 1, 0.6188
258, N, 1, 0.6294
259, L, 1, 0.6438
260, P, 1, 0.6593
261, P, 1, 0.6705
262, S, 1, 0.6786
263, G, 1, 0.6831
264, A, 1, 0.6873
265, V, 1, 0.6777
266, P, 1, 0.6667
267, V, 1, 0.6517
268, T, 1, 0.6456
269, G, 1, 0.6405
270, I, 1, 0.6390
271, P, 1, 0.6374
272, P, 1, 0.6397
273, H, 1, 0.6477
274, V, 1, 0.6551
275, V, 1, 0.6643
276, K, 1, 0.6853
277, V, 1, 0.7024
278, P, 1, 0.7239
279, A, 1, 0.7457
280, S, 1, 0.7811
281, Q, 1, 0.8131
282, P, 1, 0.8406
283, R, 1, 0.8661
284, P, 1, 0.8882
285, E, 1, 0.9019
286, S, 1, 0.9096
287, K, 1, 0.9004
288, P, 1, 0.9002
289, E, 1, 0.9094
290, S, 1, 0.9083
291, Q, 1, 0.9003
292, I, 1, 0.9006
293, P, 1, 0.9023
294, P, 1, 0.9054
295, Q, 1, 0.9087
296, R, 1, 0.9113
297, P, 1, 0.9126
298, Q, 1, 0.9126
299, R, 1, 0.9096
300, D, 1, 0.9075
301, Q, 1, 0.9059
302, R, 1, 0.9043
303, V, 1, 0.9007
304, R, 1, 0.8991
305, E, 1, 0.8876
306, Q, 1, 0.8814
307, R, 1, 0.8743
308, I, 1, 0.8638
309, N, 1, 0.8522
310, I, 1, 0.8431
311, P, 1, 0.8328
312, P, 1, 0.8343
313, Q, 1, 0.8390
314, R, 1, 0.8424
315, G, 1, 0.8449
316, P, 1, 0.8550
317, R, 1, 0.8593
318, P, 1, 0.8652
319, I, 1, 0.8737
320, R, 1, 0.8759
321, E, 1, 0.8767
322, A, 1, 0.8800
323, G, 1, 0.8709
324, E, 1, 0.8642
325, Q, 1, 0.8485
326, G, 1, 0.8180
327, D, 1, 0.7837
328, I, 1, 0.7515
329, E, 1, 0.7127
330, P, 1, 0.6782
331, R, 1, 0.6564
332, R, 1, 0.6454
333, M, 1, 0.6398
334, V, 1, 0.6278
335, R, 1, 0.6102
336, H, 1, 0.5854
337, P, 1, 0.5501
338, D, -1, 0.4796
339, S, -1, 0.4358
340, H, -1, 0.3954
341, Q, -1, 0.3506
342, L, -1, 0.3168
343, F, -1, 0.2921
344, I, -1, 0.2905
345, G, -1, 0.2922
346, N, -1, 0.2893
347, L, -1, 0.2930
348, P, -1, 0.2905
349, H, -1, 0.2878
350, E, -1, 0.2812
351, V, -1, 0.2698
352, D, -1, 0.2590
353, K, -1, 0.2450
354, S, -1, 0.2266
355, E, -1, 0.2048
356, L, -1, 0.1859
357, K, -1, 0.1634
358, D, -1, 0.1434
359, F, -1, 0.1319
360, F, -1, 0.1210
361, Q, -1, 0.1206
362, S, -1, 0.1232
363, Y, -1, 0.1234
364, G, -1, 0.1243
365, N, -1, 0.1349
366, V, -1, 0.1465
367, V, -1, 0.1598
368, E, -1, 0.1743
369, L, -1, 0.2097
370, R, -1, 0.2575
371, I, -1, 0.3065
372, N, -1, 0.3571
373, S, -1, 0.3999
374, G, -1, 0.4203
375, G, -1, 0.4147
376, K, -1, 0.3843
377, L, -1, 0.3375
378, P, -1, 0.2830
379, N, -1, 0.2170
380, F, -1, 0.1511
381, G, -1, 0.0994
382, F, -1, 0.0944
383, V, -1, 0.0901
384, V, -1, 0.0920
385, F, -1, 0.0961
386, D, -1, 0.0911
387, D, -1, 0.1077
388, S, -1, 0.1203
389, E, -1, 0.1295
390, P, -1, 0.1374
391, V, -1, 0.1389
392, Q, -1, 0.1351
393, K, -1, 0.1280
394, V, -1, 0.1394
395, L, -1, 0.1540
396, S, -1, 0.1840
397, N, -1, 0.2099
398, R, -1, 0.2361
399, P, -1, 0.2682
400, I, -1, 0.2981
401, M, -1, 0.3228
402, F, -1, 0.3376
403, R, -1, 0.3477
404, G, -1, 0.3474
405, E, -1, 0.3401
406, V, -1, 0.3408
407, R, -1, 0.3369
408, L, -1, 0.3415
409, N, -1, 0.3470
410, V, -1, 0.3630
411, E, -1, 0.3954
412, E, -1, 0.4319
413, K, -1, 0.4719
414, K, 1, 0.5447
415, T, 1, 0.6015
416, R, 1, 0.6580
417, A, 1, 0.7094
418, A, 1, 0.7549
419, R, 1, 0.7940
420, E, 1, 0.8218
421, G, 1, 0.8457
422, D, 1, 0.8640
423, R, 1, 0.8777
424, R, 1, 0.8782
425, D, 1, 0.8806
426, N, 1, 0.8728
427, R, 1, 0.8591
428, L, 1, 0.8485
429, R, 1, 0.8397
430, G, 1, 0.8314
431, P, 1, 0.8259
432, G, 1, 0.8225
433, G, 1, 0.8149
434, P, 1, 0.8082
435, R, 1, 0.8009
436, G, 1, 0.7952
437, G, 1, 0.7981
438, L, 1, 0.7960
439, G, 1, 0.8007
440, G, 1, 0.8087
441, G, 1, 0.8063
442, M, 1, 0.7983
443, R, 1, 0.7899
444, G, 1, 0.7817
445, P, 1, 0.7650
446, P, 1, 0.7494
447, R, 1, 0.7382
448, G, 1, 0.7163
449, G, 1, 0.7008
450, M, 1, 0.7073
451, V, 1, 0.7177
452, Q, 1, 0.7325
453, K, 1, 0.7368
454, P, 1, 0.7498
455, G, 1, 0.7759
456, F, 1, 0.8147
457, G, 1, 0.8526
458, V, 1, 0.8914
459, G, 1, 0.9054
460, R, 1, 0.9129
461, G, 1, 0.9296
462, L, 1, 0.9257
463, A, 1, 0.9444
464, P, 1, 0.9457
465, R, 1, 0.9482
466, Q, 1, 0.9466

