1, M, 1, 0.9098
2, N, 1, 0.8134
3, P, 1, 0.8576
4, S, 1, 0.8086
5, A, 1, 0.7893
6, P, 1, 0.7952
7, S, 1, 0.6189
8, Y, 1, 0.5265
9, P, -1, 0.4061
10, M, -1, 0.3071
11, A, -1, 0.2039
12, S, -1, 0.1047
13, L, -1, 0.0838
14, Y, -1, 0.0710
15, V, -1, 0.0644
16, G, -1, 0.0587
17, D, -1, 0.0581
18, L, -1, 0.0608
19, H, -1, 0.0674
20, P, -1, 0.0743
21, D, -1, 0.0785
22, V, -1, 0.0811
23, T, -1, 0.0809
24, E, -1, 0.0785
25, A, -1, 0.0765
26, M, -1, 0.0763
27, L, -1, 0.0764
28, Y, -1, 0.0763
29, E, -1, 0.0792
30, K, -1, 0.0843
31, F, -1, 0.0882
32, S, -1, 0.0907
33, P, -1, 0.0918
34, A, -1, 0.0926
35, G, -1, 0.0930
36, P, -1, 0.0937
37, I, -1, 0.0941
38, L, -1, 0.0919
39, S, -1, 0.0879
40, I, -1, 0.0868
41, R, -1, 0.0878
42, V, -1, 0.0899
43, C, -1, 0.0927
44, R, -1, 0.0990
45, D, -1, 0.1164
46, M, -1, 0.1607
47, I, -1, 0.2005
48, T, -1, 0.2343
49, R, -1, 0.2476
50, R, -1, 0.2293
51, S, -1, 0.1997
52, L, -1, 0.1736
53, G, -1, 0.1429
54, Y, -1, 0.1076
55, A, -1, 0.0972
56, Y, -1, 0.0950
57, V, -1, 0.0943
58, N, -1, 0.0979
59, F, -1, 0.0980
60, Q, -1, 0.1155
61, Q, -1, 0.1231
62, P, -1, 0.1143
63, A, -1, 0.1161
64, D, -1, 0.1190
65, A, -1, 0.1167
66, E, -1, 0.1081
67, R, -1, 0.1114
68, A, -1, 0.1212
69, L, -1, 0.1183
70, D, -1, 0.1296
71, T, -1, 0.1427
72, M, -1, 0.1531
73, N, -1, 0.1605
74, F, -1, 0.1645
75, D, -1, 0.1736
76, V, -1, 0.1688
77, I, -1, 0.1623
78, K, -1, 0.1609
79, G, -1, 0.1623
80, K, -1, 0.1638
81, P, -1, 0.1515
82, V, -1, 0.1603
83, R, -1, 0.1814
84, I, -1, 0.2100
85, M, -1, 0.2479
86, W, -1, 0.2936
87, S, -1, 0.3401
88, Q, -1, 0.3740
89, R, -1, 0.4105
90, D, -1, 0.4461
91, P, -1, 0.4781
92, S, 1, 0.5217
93, L, 1, 0.5194
94, R, -1, 0.4872
95, K, -1, 0.4634
96, S, -1, 0.4276
97, G, -1, 0.3751
98, V, -1, 0.3140
99, G, -1, 0.2407
100, N, -1, 0.1637
101, I, -1, 0.1000
102, F, -1, 0.0901
103, I, -1, 0.0852
104, K, -1, 0.0826
105, N, -1, 0.0835
106, L, -1, 0.0883
107, D, -1, 0.0954
108, K, -1, 0.0994
109, S, -1, 0.1200
110, I, -1, 0.1343
111, D, -1, 0.1347
112, N, -1, 0.1299
113, K, -1, 0.1200
114, A, -1, 0.1081
115, L, -1, 0.0965
116, Y, -1, 0.0987
117, D, -1, 0.0969
118, T, -1, 0.0974
119, F, -1, 0.0993
120, S, -1, 0.1060
121, A, -1, 0.1320
122, F, -1, 0.1579
123, G, -1, 0.1744
124, N, -1, 0.1957
125, I, -1, 0.2086
126, L, -1, 0.2236
127, S, -1, 0.2176
128, C, -1, 0.2150
129, K, -1, 0.2129
130, V, -1, 0.2125
131, V, -1, 0.2266
132, C, -1, 0.2524
133, D, -1, 0.2733
134, E, -1, 0.2890
135, N, -1, 0.2932
136, G, -1, 0.2880
137, S, -1, 0.2619
138, K, -1, 0.2304
139, G, -1, 0.1938
140, Y, -1, 0.1632
141, G, -1, 0.1388
142, F, -1, 0.1197
143, V, -1, 0.1166
144, H, -1, 0.1350
145, F, -1, 0.1577
146, E, -1, 0.1824
147, T, -1, 0.2077
148, Q, -1, 0.2127
149, E, -1, 0.2104
150, A, -1, 0.2038
151, A, -1, 0.2061
152, E, -1, 0.1950
153, R, -1, 0.1871
154, A, -1, 0.1744
155, I, -1, 0.1655
156, E, -1, 0.1691
157, K, -1, 0.1722
158, M, -1, 0.1815
159, N, -1, 0.1929
160, G, -1, 0.1925
161, M, -1, 0.1992
162, L, -1, 0.2007
163, L, -1, 0.2074
164, N, -1, 0.2029
165, D, -1, 0.2021
166, R, -1, 0.2023
167, K, -1, 0.2047
168, V, -1, 0.2070
169, F, -1, 0.2160
170, V, -1, 0.2340
171, G, -1, 0.2656
172, R, -1, 0.3019
173, F, -1, 0.3447
174, K, -1, 0.3915
175, S, -1, 0.4419
176, R, -1, 0.4841
177, K, 1, 0.5624
178, E, 1, 0.6101
179, R, 1, 0.6479
180, E, 1, 0.6660
181, A, 1, 0.6782
182, E, 1, 0.6937
183, L, 1, 0.7152
184, G, 1, 0.7280
185, A, 1, 0.7122
186, R, 1, 0.6868
187, A, 1, 0.6503
188, K, 1, 0.6063
189, E, 1, 0.5526
190, F, -1, 0.4708
191, T, -1, 0.4208
192, N, -1, 0.3692
193, V, -1, 0.3219
194, Y, -1, 0.2894
195, I, -1, 0.2760
196, K, -1, 0.2584
197, N, -1, 0.2336
198, F, -1, 0.2216
199, G, -1, 0.2125
200, E, -1, 0.2059
201, D, -1, 0.1923
202, M, -1, 0.1710
203, D, -1, 0.1438
204, D, -1, 0.1180
205, E, -1, 0.0933
206, R, -1, 0.0957
207, L, -1, 0.0920
208, K, -1, 0.0881
209, D, -1, 0.0870
210, L, -1, 0.0878
211, F, -1, 0.0873
212, G, -1, 0.0898
213, K, -1, 0.0919
214, F, -1, 0.0941
215, G, -1, 0.0957
216, P, -1, 0.0997
217, A, -1, 0.0934
218, L, -1, 0.0941
219, S, -1, 0.0997
220, V, -1, 0.0998
221, K, -1, 0.0991
222, V, -1, 0.0987
223, M, -1, 0.0926
224, T, -1, 0.1200
225, D, -1, 0.1471
226, E, -1, 0.1766
227, S, -1, 0.1983
228, G, -1, 0.2229
229, K, -1, 0.2239
230, S, -1, 0.2108
231, K, -1, 0.1864
232, G, -1, 0.1576
233, F, -1, 0.1207
234, G, -1, 0.0999
235, F, -1, 0.0966
236, V, -1, 0.0978
237, S, -1, 0.0993
238, F, -1, 0.1214
239, E, -1, 0.1398
240, R, -1, 0.1638
241, H, -1, 0.1632
242, E, -1, 0.1591
243, D, -1, 0.1537
244, A, -1, 0.1380
245, Q, -1, 0.1184
246, K, -1, 0.1062
247, A, -1, 0.0947
248, V, -1, 0.0939
249, D, -1, 0.1000
250, E, -1, 0.1128
251, M, -1, 0.1273
252, N, -1, 0.1442
253, G, -1, 0.1557
254, K, -1, 0.1738
255, E, -1, 0.1876
256, L, -1, 0.1988
257, N, -1, 0.2015
258, G, -1, 0.1993
259, K, -1, 0.1917
260, Q, -1, 0.1915
261, I, -1, 0.1973
262, Y, -1, 0.2146
263, V, -1, 0.2301
264, G, -1, 0.2606
265, R, -1, 0.3001
266, A, -1, 0.3433
267, Q, -1, 0.3948
268, K, -1, 0.4449
269, K, -1, 0.4819
270, V, 1, 0.5523
271, E, 1, 0.5938
272, R, 1, 0.6319
273, Q, 1, 0.6600
274, T, 1, 0.6837
275, E, 1, 0.6888
276, L, 1, 0.7055
277, K, 1, 0.7088
278, R, 1, 0.7189
279, K, 1, 0.7292
280, F, 1, 0.7329
281, E, 1, 0.7278
282, Q, 1, 0.7217
283, M, 1, 0.6944
284, K, 1, 0.6688
285, Q, 1, 0.6438
286, D, 1, 0.6218
287, R, 1, 0.5821
288, I, 1, 0.5468
289, T, -1, 0.4821
290, R, -1, 0.4460
291, Y, -1, 0.4118
292, Q, -1, 0.3739
293, G, -1, 0.3320
294, V, -1, 0.2862
295, N, -1, 0.2361
296, L, -1, 0.2006
297, Y, -1, 0.1731
298, V, -1, 0.1591
299, K, -1, 0.1437
300, N, -1, 0.1325
301, L, -1, 0.1281
302, D, -1, 0.1245
303, D, -1, 0.1238
304, G, -1, 0.1164
305, I, -1, 0.1041
306, D, -1, 0.0937
307, D, -1, 0.0981
308, E, -1, 0.0980
309, R, -1, 0.0968
310, L, -1, 0.0962
311, R, -1, 0.0952
312, K, -1, 0.0950
313, E, -1, 0.0971
314, F, -1, 0.0973
315, S, -1, 0.0982
316, P, -1, 0.0920
317, F, -1, 0.0988
318, G, -1, 0.1110
319, T, -1, 0.1273
320, I, -1, 0.1454
321, T, -1, 0.1659
322, S, -1, 0.1751
323, A, -1, 0.1932
324, K, -1, 0.2132
325, V, -1, 0.2338
326, M, -1, 0.2516
327, M, -1, 0.2804
328, E, -1, 0.3061
329, G, -1, 0.3302
330, G, -1, 0.3468
331, R, -1, 0.3627
332, S, -1, 0.3650
333, K, -1, 0.3692
334, G, -1, 0.3557
335, F, -1, 0.3473
336, G, -1, 0.3373
337, F, -1, 0.3320
338, V, -1, 0.3295
339, C, -1, 0.3395
340, F, -1, 0.3527
341, S, -1, 0.3682
342, S, -1, 0.3720
343, P, -1, 0.3639
344, E, -1, 0.3488
345, E, -1, 0.3376
346, A, -1, 0.3165
347, T, -1, 0.2952
348, K, -1, 0.2850
349, A, -1, 0.2696
350, V, -1, 0.2503
351, T, -1, 0.2468
352, E, -1, 0.2423
353, M, -1, 0.2374
354, N, -1, 0.2297
355, G, -1, 0.2207
356, R, -1, 0.2132
357, I, -1, 0.2083
358, V, -1, 0.2021
359, A, -1, 0.1896
360, T, -1, 0.1831
361, K, -1, 0.1650
362, P, -1, 0.1531
363, L, -1, 0.1502
364, Y, -1, 0.1450
365, V, -1, 0.1494
366, A, -1, 0.1650
367, L, -1, 0.1917
368, A, -1, 0.2144
369, Q, -1, 0.2494
370, R, -1, 0.2862
371, K, -1, 0.3133
372, E, -1, 0.3501
373, E, -1, 0.3807
374, R, -1, 0.4089
375, Q, -1, 0.4304
376, A, -1, 0.4527
377, H, -1, 0.4760
378, L, 1, 0.5273
379, T, 1, 0.5557
380, N, 1, 0.5758
381, Q, 1, 0.6074
382, Y, 1, 0.6290
383, M, 1, 0.6411
384, Q, 1, 0.6544
385, R, 1, 0.6564
386, M, 1, 0.6561
387, A, 1, 0.6537
388, S, 1, 0.6615
389, V, 1, 0.6700
390, R, 1, 0.6713
391, A, 1, 0.6669
392, V, 1, 0.6578
393, P, 1, 0.6536
394, N, 1, 0.6451
395, P, 1, 0.6276
396, V, 1, 0.6157
397, I, 1, 0.6038
398, N, 1, 0.5981
399, P, 1, 0.5928
400, Y, 1, 0.5905
401, Q, 1, 0.5855
402, P, 1, 0.5787
403, A, 1, 0.5700
404, P, 1, 0.5501
405, P, 1, 0.5286
406, S, -1, 0.4874
407, G, -1, 0.4678
408, Y, -1, 0.4539
409, F, -1, 0.4410
410, M, -1, 0.4374
411, A, -1, 0.4345
412, A, -1, 0.4326
413, I, -1, 0.4316
414, P, -1, 0.4358
415, Q, -1, 0.4377
416, T, -1, 0.4381
417, Q, -1, 0.4424
418, N, -1, 0.4542
419, R, -1, 0.4656
420, A, -1, 0.4773
421, A, 1, 0.5132
422, Y, 1, 0.5415
423, Y, 1, 0.5602
424, P, 1, 0.5776
425, P, 1, 0.5872
426, S, 1, 0.5971
427, Q, 1, 0.6034
428, I, 1, 0.6097
429, A, 1, 0.6105
430, Q, 1, 0.6132
431, L, 1, 0.6074
432, R, 1, 0.5905
433, P, 1, 0.5705
434, S, 1, 0.5485
435, P, 1, 0.5251
436, R, 1, 0.5152
437, W, -1, 0.4897
438, T, 1, 0.5167
439, A, 1, 0.5210
440, Q, 1, 0.5392
441, G, 1, 0.5526
442, A, 1, 0.5610
443, R, 1, 0.5635
444, P, 1, 0.5610
445, H, 1, 0.5639
446, P, 1, 0.5641
447, F, 1, 0.5754
448, Q, 1, 0.5896
449, N, 1, 0.5947
450, M, 1, 0.6051
451, P, 1, 0.6075
452, G, 1, 0.6113
453, A, 1, 0.6043
454, I, 1, 0.5911
455, R, 1, 0.5792
456, P, 1, 0.5718
457, A, 1, 0.5727
458, A, 1, 0.5761
459, P, 1, 0.5902
460, R, 1, 0.5969
461, P, 1, 0.6083
462, P, 1, 0.6311
463, F, 1, 0.6488
464, S, 1, 0.6599
465, T, 1, 0.6765
466, M, 1, 0.6905
467, R, 1, 0.6940
468, P, 1, 0.7018
469, A, 1, 0.7116
470, S, 1, 0.7146
471, S, 1, 0.7124
472, Q, 1, 0.7072
473, V, 1, 0.7061
474, P, 1, 0.6988
475, R, 1, 0.6917
476, V, 1, 0.6798
477, M, 1, 0.6768
478, S, 1, 0.6779
479, T, 1, 0.6780
480, Q, 1, 0.6881
481, R, 1, 0.6984
482, V, 1, 0.7040
483, A, 1, 0.7205
484, N, 1, 0.7286
485, T, 1, 0.7310
486, S, 1, 0.7381
487, T, 1, 0.7472
488, Q, 1, 0.7495
489, T, 1, 0.7578
490, M, 1, 0.7640
491, G, 1, 0.7631
492, P, 1, 0.7620
493, R, 1, 0.7537
494, P, 1, 0.7420
495, A, 1, 0.7359
496, A, 1, 0.7126
497, A, 1, 0.6887
498, A, 1, 0.6719
499, A, 1, 0.6566
500, A, 1, 0.6406
501, A, 1, 0.6309
502, T, 1, 0.6222
503, P, 1, 0.6191
504, A, 1, 0.6212
505, V, 1, 0.6299
506, R, 1, 0.6386
507, T, 1, 0.6499
508, V, 1, 0.6533
509, P, 1, 0.6521
510, Q, 1, 0.6525
511, Y, 1, 0.6631
512, K, 1, 0.6696
513, Y, 1, 0.6823
514, A, 1, 0.6968
515, A, 1, 0.7116
516, G, 1, 0.7227
517, V, 1, 0.7297
518, R, 1, 0.7398
519, N, 1, 0.7501
520, P, 1, 0.7547
521, Q, 1, 0.7570
522, Q, 1, 0.7680
523, H, 1, 0.7832
524, L, 1, 0.8003
525, N, 1, 0.8162
526, A, 1, 0.8324
527, Q, 1, 0.8425
528, P, 1, 0.8390
529, Q, 1, 0.8290
530, V, 1, 0.8265
531, T, 1, 0.8173
532, M, 1, 0.8015
533, Q, 1, 0.7974
534, Q, 1, 0.7956
535, P, 1, 0.7873
536, A, 1, 0.7863
537, V, 1, 0.7841
538, H, 1, 0.7907
539, V, 1, 0.7948
540, Q, 1, 0.7950
541, G, 1, 0.7899
542, Q, 1, 0.7815
543, E, 1, 0.7630
544, P, 1, 0.7451
545, L, 1, 0.7326
546, T, 1, 0.7109
547, A, 1, 0.6904
548, S, 1, 0.6741
549, M, 1, 0.6553
550, L, 1, 0.6432
551, A, 1, 0.6316
552, S, 1, 0.6201
553, A, 1, 0.6043
554, P, 1, 0.5863
555, P, 1, 0.5583
556, Q, 1, 0.5339
557, E, -1, 0.4842
558, Q, -1, 0.4618
559, K, -1, 0.4420
560, Q, -1, 0.4199
561, M, -1, 0.3989
562, L, -1, 0.3778
563, G, -1, 0.3513
564, E, -1, 0.3297
565, R, -1, 0.3152
566, L, -1, 0.2991
567, F, -1, 0.2795
568, P, -1, 0.2628
569, L, -1, 0.2616
570, I, -1, 0.2583
571, Q, -1, 0.2562
572, A, -1, 0.2477
573, M, -1, 0.2468
574, H, -1, 0.2411
575, P, -1, 0.2338
576, T, -1, 0.2298
577, L, -1, 0.2225
578, A, -1, 0.2070
579, G, -1, 0.1870
580, K, -1, 0.1683
581, I, -1, 0.1588
582, T, -1, 0.1375
583, G, -1, 0.1124
584, M, -1, 0.0994
585, L, -1, 0.0985
586, L, -1, 0.0991
587, E, -1, 0.0943
588, I, -1, 0.1096
589, D, -1, 0.1277
590, N, -1, 0.1494
591, S, -1, 0.1742
592, E, -1, 0.1976
593, L, -1, 0.2207
594, L, -1, 0.2357
595, H, -1, 0.2418
596, M, -1, 0.2504
597, L, -1, 0.2577
598, E, -1, 0.2610
599, S, -1, 0.2623
600, P, -1, 0.2584
601, E, -1, 0.2442
602, S, -1, 0.2224
603, L, -1, 0.2015
604, R, -1, 0.1811
605, S, -1, 0.1650
606, K, -1, 0.1482
607, V, -1, 0.1341
608, D, -1, 0.1251
609, E, -1, 0.1204
610, A, -1, 0.1277
611, V, -1, 0.1369
612, A, -1, 0.1609
613, V, -1, 0.1882
614, L, -1, 0.2238
615, Q, -1, 0.2690
616, A, -1, 0.3227
617, H, -1, 0.3818
618, Q, -1, 0.4316
619, A, -1, 0.4835
620, K, 1, 0.5734
621, E, 1, 0.6469
622, A, 1, 0.7100
623, A, 1, 0.7723
624, Q, 1, 0.8494
625, K, 1, 0.9006
626, A, 1, 0.9123
627, V, 1, 0.9211
628, N, 1, 0.9250
629, S, 1, 0.9250
630, A, 1, 0.9203
631, T, 1, 0.9114
632, G, 1, 0.9169
633, V, 1, 0.9068
634, P, 1, 0.9084
635, T, 1, 0.9081
636, V, 1, 0.9149

