1, M, 1, 0.8595
2, S, 1, 0.7631
3, E, 1, 0.6527
4, Y, 1, 0.6116
5, I, 1, 0.5295
6, R, 1, 0.6216
7, V, 1, 0.6372
8, T, 1, 0.6702
9, E, 1, 0.6871
10, D, 1, 0.6838
11, E, 1, 0.6585
12, N, 1, 0.5948
13, D, 1, 0.5175
14, E, -1, 0.4308
15, P, -1, 0.3759
16, I, -1, 0.3386
17, E, -1, 0.3132
18, I, -1, 0.2966
19, P, -1, 0.2911
20, S, -1, 0.3003
21, E, -1, 0.3005
22, D, -1, 0.2997
23, D, -1, 0.2890
24, G, -1, 0.2669
25, T, -1, 0.2379
26, V, -1, 0.2078
27, L, -1, 0.1846
28, L, -1, 0.1655
29, S, -1, 0.1495
30, T, -1, 0.1311
31, V, -1, 0.1194
32, T, -1, 0.1193
33, A, -1, 0.1262
34, Q, -1, 0.1229
35, F, -1, 0.1250
36, P, -1, 0.1349
37, G, -1, 0.1447
38, A, -1, 0.1473
39, C, -1, 0.1549
40, G, -1, 0.1685
41, L, -1, 0.1916
42, R, -1, 0.2025
43, Y, -1, 0.2233
44, R, -1, 0.2434
45, N, -1, 0.2480
46, P, -1, 0.2513
47, V, -1, 0.2630
48, S, -1, 0.2762
49, Q, -1, 0.2826
50, C, -1, 0.2801
51, M, -1, 0.2832
52, R, -1, 0.2852
53, G, -1, 0.2855
54, V, -1, 0.2828
55, R, -1, 0.2881
56, L, -1, 0.2763
57, V, -1, 0.2640
58, E, -1, 0.2688
59, G, -1, 0.2740
60, I, -1, 0.2785
61, L, -1, 0.2820
62, H, -1, 0.2842
63, A, -1, 0.2835
64, P, -1, 0.2796
65, D, -1, 0.2797
66, A, -1, 0.2787
67, G, -1, 0.2738
68, W, -1, 0.2546
69, G, -1, 0.2416
70, N, -1, 0.2373
71, L, -1, 0.2383
72, V, -1, 0.2431
73, Y, -1, 0.2570
74, V, -1, 0.2779
75, V, -1, 0.3115
76, N, -1, 0.3498
77, Y, -1, 0.3956
78, P, -1, 0.4393
79, K, -1, 0.4798
80, D, 1, 0.5424
81, N, 1, 0.5932
82, K, 1, 0.6449
83, R, 1, 0.6863
84, K, 1, 0.7286
85, M, 1, 0.7673
86, D, 1, 0.8003
87, E, 1, 0.8344
88, T, 1, 0.8588
89, D, 1, 0.8759
90, A, 1, 0.8765
91, S, 1, 0.8607
92, S, 1, 0.8328
93, A, 1, 0.7969
94, V, 1, 0.7592
95, K, 1, 0.7134
96, V, 1, 0.6733
97, K, 1, 0.6290
98, R, 1, 0.5832
99, A, 1, 0.5408
100, V, -1, 0.4835
101, Q, -1, 0.4439
102, K, -1, 0.3982
103, T, -1, 0.3469
104, S, -1, 0.2903
105, D, -1, 0.2393
106, L, -1, 0.1975
107, I, -1, 0.1597
108, V, -1, 0.1338
109, L, -1, 0.1172
110, G, -1, 0.1079
111, L, -1, 0.1105
112, P, -1, 0.1291
113, W, -1, 0.1483
114, K, -1, 0.1761
115, T, -1, 0.1980
116, T, -1, 0.2132
117, E, -1, 0.2288
118, Q, -1, 0.2331
119, D, -1, 0.2253
120, L, -1, 0.2075
121, K, -1, 0.1843
122, E, -1, 0.1606
123, Y, -1, 0.1400
124, F, -1, 0.1268
125, S, -1, 0.1178
126, T, -1, 0.1154
127, F, -1, 0.1072
128, G, -1, 0.1030
129, E, -1, 0.1106
130, V, -1, 0.1102
131, L, -1, 0.1102
132, M, -1, 0.1120
133, V, -1, 0.1250
134, Q, -1, 0.1452
135, V, -1, 0.1661
136, K, -1, 0.1933
137, K, -1, 0.2267
138, D, -1, 0.2614
139, L, -1, 0.2925
140, K, -1, 0.3190
141, T, -1, 0.3406
142, G, -1, 0.3374
143, H, -1, 0.3246
144, S, -1, 0.2988
145, K, -1, 0.2653
146, G, -1, 0.2281
147, F, -1, 0.1918
148, G, -1, 0.1584
149, F, -1, 0.1463
150, V, -1, 0.1460
151, R, -1, 0.1594
152, F, -1, 0.1771
153, T, -1, 0.1976
154, E, -1, 0.2104
155, Y, -1, 0.2147
156, E, -1, 0.2098
157, T, -1, 0.1998
158, Q, -1, 0.1843
159, V, -1, 0.1624
160, K, -1, 0.1399
161, V, -1, 0.1341
162, M, -1, 0.1303
163, S, -1, 0.1385
164, Q, -1, 0.1498
165, R, -1, 0.1621
166, H, -1, 0.1725
167, M, -1, 0.1720
168, I, -1, 0.1684
169, D, -1, 0.1711
170, G, -1, 0.1624
171, R, -1, 0.1591
172, W, -1, 0.1611
173, C, -1, 0.1707
174, D, -1, 0.1903
175, C, -1, 0.2167
176, K, -1, 0.2482
177, L, -1, 0.2799
178, P, -1, 0.3156
179, N, -1, 0.3521
180, S, -1, 0.3852
181, K, -1, 0.4220
182, Q, -1, 0.4463
183, S, -1, 0.4726
184, Q, 1, 0.5121
185, D, 1, 0.5190
186, E, 1, 0.5187
187, P, -1, 0.4814
188, L, -1, 0.4608
189, R, -1, 0.4252
190, S, -1, 0.3891
191, R, -1, 0.3601
192, K, -1, 0.3267
193, V, -1, 0.2972
194, F, -1, 0.2713
195, V, -1, 0.2650
196, G, -1, 0.2650
197, R, -1, 0.2695
198, C, -1, 0.2806
199, T, -1, 0.2989
200, E, -1, 0.3153
201, D, -1, 0.3217
202, M, -1, 0.3236
203, T, -1, 0.3219
204, E, -1, 0.3083
205, D, -1, 0.2835
206, E, -1, 0.2524
207, L, -1, 0.2253
208, R, -1, 0.1962
209, E, -1, 0.1771
210, F, -1, 0.1659
211, F, -1, 0.1650
212, S, -1, 0.1683
213, Q, -1, 0.1777
214, Y, -1, 0.1819
215, G, -1, 0.1918
216, D, -1, 0.2005
217, V, -1, 0.1991
218, M, -1, 0.2014
219, D, -1, 0.2012
220, V, -1, 0.2071
221, F, -1, 0.2106
222, I, -1, 0.2186
223, P, -1, 0.2281
224, K, -1, 0.2368
225, P, -1, 0.2359
226, F, -1, 0.2243
227, R, -1, 0.2093
228, A, -1, 0.1849
229, F, -1, 0.1555
230, A, -1, 0.1336
231, F, -1, 0.1210
232, V, -1, 0.1173
233, T, -1, 0.1219
234, F, -1, 0.1332
235, A, -1, 0.1467
236, D, -1, 0.1606
237, D, -1, 0.1627
238, Q, -1, 0.1700
239, I, -1, 0.1577
240, A, -1, 0.1374
241, Q, -1, 0.1193
242, S, -1, 0.1092
243, L, -1, 0.1100
244, C, -1, 0.1111
245, G, -1, 0.1245
246, E, -1, 0.1340
247, D, -1, 0.1580
248, L, -1, 0.1819
249, I, -1, 0.2023
250, I, -1, 0.2302
251, K, -1, 0.2384
252, G, -1, 0.2454
253, I, -1, 0.2492
254, S, -1, 0.2504
255, V, -1, 0.2393
256, H, -1, 0.2225
257, I, -1, 0.2164
258, S, -1, 0.2192
259, N, -1, 0.2478
260, A, -1, 0.2776
261, E, -1, 0.3210
262, P, -1, 0.3768
263, K, -1, 0.4375
264, H, 1, 0.5279
265, N, 1, 0.5979
266, S, 1, 0.6639
267, N, 1, 0.7097
268, R, 1, 0.7468
269, Q, 1, 0.7863
270, L, 1, 0.8215
271, E, 1, 0.8429
272, R, 1, 0.8474
273, S, 1, 0.8448
274, G, 1, 0.8481
275, R, 1, 0.8443
276, F, 1, 0.8402
277, G, 1, 0.8291
278, G, 1, 0.8169
279, N, 1, 0.8014
280, P, 1, 0.7893
281, G, 1, 0.7832
282, G, 1, 0.7760
283, F, 1, 0.7621
284, G, 1, 0.7391
285, N, 1, 0.7255
286, Q, 1, 0.7154
287, G, 1, 0.6998
288, G, 1, 0.6878
289, F, 1, 0.6820
290, G, 1, 0.6725
291, N, 1, 0.6682
292, S, 1, 0.6741
293, R, 1, 0.6886
294, G, 1, 0.6989
295, G, 1, 0.7078
296, G, 1, 0.7125
297, A, 1, 0.7226
298, G, 1, 0.7202
299, L, 1, 0.7168
300, G, 1, 0.7116
301, N, 1, 0.7092
302, N, 1, 0.7028
303, Q, 1, 0.6989
304, G, 1, 0.6980
305, S, 1, 0.6916
306, N, 1, 0.6768
307, M, 1, 0.6648
308, G, 1, 0.6437
309, G, 1, 0.6101
310, G, 1, 0.5733
311, M, 1, 0.5329
312, N, -1, 0.4805
313, F, -1, 0.4525
314, G, -1, 0.4203
315, A, -1, 0.4015
316, F, -1, 0.3800
317, S, -1, 0.3556
318, I, -1, 0.3363
319, N, -1, 0.3252
320, P, -1, 0.3172
321, A, -1, 0.3117
322, M, -1, 0.3161
323, M, -1, 0.3224
324, A, -1, 0.3361
325, A, -1, 0.3436
326, A, -1, 0.3524
327, Q, -1, 0.3658
328, A, -1, 0.3700
329, A, -1, 0.3651
330, L, -1, 0.3665
331, Q, -1, 0.3755
332, S, -1, 0.3893
333, S, -1, 0.4030
334, W, -1, 0.4297
335, G, -1, 0.4508
336, M, -1, 0.4726
337, M, 1, 0.5155
338, G, 1, 0.5482
339, M, 1, 0.5735
340, L, 1, 0.5922
341, A, 1, 0.6092
342, S, 1, 0.6285
343, Q, 1, 0.6500
344, Q, 1, 0.6742
345, N, 1, 0.7010
346, Q, 1, 0.7343
347, S, 1, 0.7663
348, G, 1, 0.8019
349, P, 1, 0.8401
350, S, 1, 0.8681
351, G, 1, 0.8830
352, N, 1, 0.8966
353, N, 1, 0.9040
354, Q, 1, 0.9060
355, N, 1, 0.8996
356, Q, 1, 0.8864
357, G, 1, 0.8681
358, N, 1, 0.8410
359, M, 1, 0.8251
360, Q, 1, 0.8162
361, R, 1, 0.8145
362, E, 1, 0.8028
363, P, 1, 0.7972
364, N, 1, 0.8023
365, Q, 1, 0.8095
366, A, 1, 0.8287
367, F, 1, 0.8381
368, G, 1, 0.8364
369, S, 1, 0.8257
370, G, 1, 0.8031
371, N, 1, 0.7972
372, N, 1, 0.7951
373, S, 1, 0.7891
374, Y, 1, 0.7761
375, S, 1, 0.7699
376, G, 1, 0.7648
377, S, 1, 0.7626
378, N, 1, 0.7592
379, S, 1, 0.7543
380, G, 1, 0.7323
381, A, 1, 0.7125
382, A, 1, 0.6955
383, I, 1, 0.6935
384, G, 1, 0.6947
385, W, 1, 0.6940
386, G, 1, 0.6979
387, S, 1, 0.7054
388, A, 1, 0.7066
389, S, 1, 0.7097
390, N, 1, 0.7046
391, A, 1, 0.7058
392, G, 1, 0.6886
393, S, 1, 0.6810
394, G, 1, 0.6785
395, S, 1, 0.6833
396, G, 1, 0.6689
397, F, 1, 0.6627
398, N, 1, 0.6710
399, G, 1, 0.6869
400, G, 1, 0.7049
401, F, 1, 0.7260
402, G, 1, 0.7461
403, S, 1, 0.7785
404, S, 1, 0.8014
405, M, 1, 0.8271
406, D, 1, 0.8534
407, S, 1, 0.8645
408, K, 1, 0.8587
409, S, 1, 0.8562
410, S, 1, 0.8923
411, G, 1, 0.9068
412, W, 1, 0.8691
413, G, 1, 0.9055
414, M, 1, 0.9073

