1, M, 1, 0.9014
2, E, 1, 0.8815
3, D, 1, 0.7990
4, E, 1, 0.6441
5, M, -1, 0.3570
6, P, -1, 0.2534
7, K, -1, 0.1698
8, T, -1, 0.0969
9, L, -1, 0.0790
10, Y, -1, 0.0657
11, V, -1, 0.0605
12, G, -1, 0.0552
13, N, -1, 0.0540
14, L, -1, 0.0536
15, S, -1, 0.0532
16, R, -1, 0.0510
17, D, -1, 0.0506
18, V, -1, 0.0495
19, T, -1, 0.0486
20, E, -1, 0.0477
21, A, -1, 0.0459
22, L, -1, 0.0452
23, I, -1, 0.0468
24, L, -1, 0.0489
25, Q, -1, 0.0540
26, L, -1, 0.0599
27, F, -1, 0.0660
28, S, -1, 0.0691
29, Q, -1, 0.0728
30, I, -1, 0.0742
31, G, -1, 0.0739
32, P, -1, 0.0719
33, C, -1, 0.0682
34, K, -1, 0.0659
35, N, -1, 0.0626
36, C, -1, 0.0630
37, K, -1, 0.0650
38, M, -1, 0.0707
39, I, -1, 0.0825
40, M, -1, 0.0958
41, D, -1, 0.1348
42, T, -1, 0.1879
43, A, -1, 0.2325
44, G, -1, 0.2383
45, N, -1, 0.2182
46, D, -1, 0.1917
47, P, -1, 0.1545
48, Y, -1, 0.1138
49, C, -1, 0.0968
50, F, -1, 0.0922
51, V, -1, 0.0935
52, E, -1, 0.0967
53, F, -1, 0.1011
54, H, -1, 0.1308
55, E, -1, 0.1560
56, H, -1, 0.1488
57, R, -1, 0.1470
58, H, -1, 0.1420
59, A, -1, 0.1329
60, A, -1, 0.1185
61, A, -1, 0.1145
62, A, -1, 0.1046
63, L, -1, 0.0971
64, A, -1, 0.0983
65, A, -1, 0.1069
66, M, -1, 0.1217
67, N, -1, 0.1309
68, G, -1, 0.1429
69, R, -1, 0.1595
70, K, -1, 0.1686
71, I, -1, 0.1795
72, M, -1, 0.1860
73, G, -1, 0.1957
74, K, -1, 0.1977
75, E, -1, 0.1914
76, V, -1, 0.1961
77, K, -1, 0.2076
78, V, -1, 0.2273
79, N, -1, 0.2583
80, W, -1, 0.3072
81, A, -1, 0.3576
82, T, -1, 0.4151
83, T, -1, 0.4741
84, P, 1, 0.5605
85, S, 1, 0.6264
86, S, 1, 0.6762
87, Q, 1, 0.7165
88, K, 1, 0.7521
89, K, 1, 0.7795
90, D, 1, 0.8015
91, T, 1, 0.8138
92, S, 1, 0.8078
93, S, 1, 0.7930
94, S, 1, 0.7612
95, T, 1, 0.7174
96, V, 1, 0.6671
97, V, 1, 0.6080
98, S, 1, 0.5622
99, T, 1, 0.5131
100, Q, -1, 0.4483
101, R, -1, 0.3825
102, S, -1, 0.3110
103, Q, -1, 0.2247
104, D, -1, 0.1293
105, H, -1, 0.0881
106, F, -1, 0.0684
107, H, -1, 0.0511
108, V, -1, 0.0383
109, F, -1, 0.0312
110, V, -1, 0.0339
111, G, -1, 0.0391
112, D, -1, 0.0496
113, L, -1, 0.0595
114, S, -1, 0.0705
115, P, -1, 0.0797
116, E, -1, 0.0870
117, I, -1, 0.0921
118, T, -1, 0.0951
119, T, -1, 0.0924
120, E, -1, 0.0900
121, D, -1, 0.0871
122, I, -1, 0.0857
123, K, -1, 0.0851
124, A, -1, 0.0869
125, A, -1, 0.0899
126, F, -1, 0.0924
127, A, -1, 0.0957
128, P, -1, 0.0915
129, F, -1, 0.1021
130, G, -1, 0.1196
131, R, -1, 0.1362
132, I, -1, 0.1501
133, S, -1, 0.1490
134, D, -1, 0.1407
135, A, -1, 0.1399
136, R, -1, 0.1374
137, V, -1, 0.1377
138, V, -1, 0.1462
139, K, -1, 0.1651
140, D, -1, 0.1942
141, M, -1, 0.2215
142, A, -1, 0.2531
143, T, -1, 0.2710
144, G, -1, 0.2683
145, K, -1, 0.2416
146, S, -1, 0.2036
147, K, -1, 0.1607
148, G, -1, 0.1155
149, Y, -1, 0.0976
150, G, -1, 0.0893
151, F, -1, 0.0866
152, V, -1, 0.0892
153, S, -1, 0.0943
154, F, -1, 0.0939
155, F, -1, 0.1196
156, N, -1, 0.1508
157, K, -1, 0.1635
158, W, -1, 0.1780
159, D, -1, 0.1832
160, A, -1, 0.1914
161, E, -1, 0.1935
162, N, -1, 0.1860
163, A, -1, 0.1846
164, I, -1, 0.1849
165, Q, -1, 0.1896
166, Q, -1, 0.1874
167, M, -1, 0.1869
168, G, -1, 0.1926
169, G, -1, 0.1900
170, Q, -1, 0.1978
171, W, -1, 0.2015
172, L, -1, 0.2095
173, G, -1, 0.2146
174, G, -1, 0.2196
175, R, -1, 0.2266
176, Q, -1, 0.2228
177, I, -1, 0.2270
178, R, -1, 0.2224
179, T, -1, 0.2243
180, N, -1, 0.2385
181, W, -1, 0.2671
182, A, -1, 0.3043
183, T, -1, 0.3543
184, R, -1, 0.4056
185, K, -1, 0.4571
186, P, 1, 0.5399
187, P, 1, 0.6119
188, A, 1, 0.6517
189, P, 1, 0.6957
190, K, 1, 0.7270
191, S, 1, 0.7487
192, T, 1, 0.7671
193, Y, 1, 0.7757
194, E, 1, 0.7766
195, S, 1, 0.7729
196, N, 1, 0.7579
197, T, 1, 0.7413
198, K, 1, 0.7237
199, Q, 1, 0.7058
200, L, 1, 0.6735
201, S, 1, 0.6478
202, Y, 1, 0.6233
203, D, 1, 0.5978
204, E, 1, 0.5747
205, V, 1, 0.5505
206, V, 1, 0.5371
207, N, 1, 0.5126
208, Q, -1, 0.4622
209, S, -1, 0.4073
210, S, -1, 0.3329
211, P, -1, 0.2561
212, S, -1, 0.1769
213, N, -1, 0.0912
214, C, -1, 0.0826
215, T, -1, 0.0681
216, V, -1, 0.0606
217, Y, -1, 0.0567
218, C, -1, 0.0604
219, G, -1, 0.0661
220, G, -1, 0.0725
221, V, -1, 0.0772
222, T, -1, 0.0829
223, S, -1, 0.0897
224, G, -1, 0.0940
225, L, -1, 0.0939
226, T, -1, 0.0945
227, E, -1, 0.0951
228, Q, -1, 0.0964
229, L, -1, 0.0953
230, M, -1, 0.0954
231, R, -1, 0.0971
232, Q, -1, 0.0992
233, T, -1, 0.0916
234, F, -1, 0.0914
235, S, -1, 0.0993
236, P, -1, 0.0979
237, F, -1, 0.0978
238, G, -1, 0.0969
239, Q, -1, 0.0982
240, I, -1, 0.0989
241, M, -1, 0.0972
242, E, -1, 0.0950
243, I, -1, 0.0956
244, R, -1, 0.0952
245, V, -1, 0.0918
246, F, -1, 0.0892
247, P, -1, 0.0857
248, D, -1, 0.0827
249, K, -1, 0.0811
250, G, -1, 0.0787
251, Y, -1, 0.0783
252, S, -1, 0.0762
253, F, -1, 0.0736
254, V, -1, 0.0748
255, R, -1, 0.0801
256, F, -1, 0.0858
257, N, -1, 0.0917
258, S, -1, 0.0984
259, H, -1, 0.0965
260, E, -1, 0.1074
261, S, -1, 0.1180
262, A, -1, 0.1139
263, A, -1, 0.1052
264, H, -1, 0.0915
265, A, -1, 0.0955
266, I, -1, 0.0926
267, V, -1, 0.0902
268, S, -1, 0.0885
269, V, -1, 0.0889
270, N, -1, 0.0901
271, G, -1, 0.0926
272, T, -1, 0.0974
273, T, -1, 0.0910
274, I, -1, 0.0958
275, E, -1, 0.1004
276, G, -1, 0.0973
277, H, -1, 0.0976
278, V, -1, 0.0920
279, V, -1, 0.0873
280, K, -1, 0.0826
281, C, -1, 0.0819
282, Y, -1, 0.0866
283, W, -1, 0.0958
284, G, -1, 0.1247
285, K, -1, 0.1862
286, E, -1, 0.2479
287, T, -1, 0.3109
288, L, -1, 0.3673
289, D, -1, 0.4091
290, M, -1, 0.4418
291, I, -1, 0.4607
292, N, -1, 0.4736
293, P, 1, 0.5141
294, V, 1, 0.5405
295, Q, 1, 0.5507
296, Q, 1, 0.5629
297, Q, 1, 0.5751
298, N, 1, 0.5762
299, Q, 1, 0.5835
300, I, 1, 0.5874
301, G, 1, 0.5811
302, Y, 1, 0.5779
303, P, 1, 0.5727
304, Q, 1, 0.5663
305, P, 1, 0.5573
306, Y, 1, 0.5472
307, G, 1, 0.5182
308, Q, -1, 0.4798
309, W, -1, 0.4629
310, G, -1, 0.4519
311, Q, -1, 0.4412
312, W, -1, 0.4379
313, Y, -1, 0.4371
314, G, -1, 0.4380
315, N, -1, 0.4435
316, A, -1, 0.4410
317, Q, -1, 0.4426
318, Q, -1, 0.4420
319, I, -1, 0.4391
320, G, -1, 0.4371
321, Q, -1, 0.4385
322, Y, -1, 0.4321
323, M, -1, 0.4279
324, P, -1, 0.4283
325, N, -1, 0.4273
326, G, -1, 0.4178
327, W, -1, 0.4052
328, Q, -1, 0.3897
329, V, -1, 0.3778
330, P, -1, 0.3571
331, A, -1, 0.3487
332, Y, -1, 0.3339
333, G, -1, 0.3325
334, M, -1, 0.3306
335, Y, -1, 0.3421
336, G, -1, 0.3581
337, Q, -1, 0.3775
338, A, -1, 0.3948
339, W, -1, 0.4150
340, N, -1, 0.4346
341, Q, -1, 0.4602
342, Q, -1, 0.4738
343, G, 1, 0.5125
344, F, 1, 0.5189
345, N, 1, 0.5325
346, Q, 1, 0.5422
347, T, 1, 0.5542
348, Q, 1, 0.5564
349, S, 1, 0.5567
350, S, 1, 0.5556
351, A, 1, 0.5584
352, P, 1, 0.5622
353, W, 1, 0.5614
354, M, 1, 0.5576
355, G, 1, 0.5553
356, P, 1, 0.5439
357, N, 1, 0.5410
358, Y, 1, 0.5474
359, G, 1, 0.5508
360, V, 1, 0.5456
361, Q, 1, 0.5426
362, P, 1, 0.5473
363, P, 1, 0.5605
364, Q, 1, 0.5795
365, G, 1, 0.5901
366, Q, 1, 0.6002
367, N, 1, 0.6046
368, G, 1, 0.5879
369, S, 1, 0.5783
370, M, 1, 0.5771
371, L, 1, 0.5718
372, P, 1, 0.5733
373, N, 1, 0.5718
374, Q, 1, 0.5801
375, P, 1, 0.5863
376, S, 1, 0.6044
377, G, 1, 0.6224
378, Y, 1, 0.6384
379, R, 1, 0.6554
380, V, 1, 0.6695
381, A, 1, 0.7327
382, G, 1, 0.7412
383, Y, 1, 0.7926
384, E, 1, 0.8340
385, T, 1, 0.8787
386, Q, 1, 0.9020

