1, M, 1, 0.8827
2, D, 1, 0.7848
3, L, 1, 0.7555
4, T, 1, 0.6551
5, A, 1, 0.6630
6, I, 1, 0.6443
7, Y, 1, 0.6043
8, E, 1, 0.5997
9, S, 1, 0.5814
10, L, 1, 0.5518
11, L, 1, 0.5163
12, S, -1, 0.4720
13, L, -1, 0.4578
14, S, -1, 0.4440
15, P, -1, 0.4386
16, D, -1, 0.4453
17, V, -1, 0.4627
18, P, -1, 0.4815
19, V, 1, 0.5422
20, P, 1, 0.5906
21, S, 1, 0.6135
22, D, 1, 0.6315
23, H, 1, 0.6553
24, G, 1, 0.6756
25, G, 1, 0.6906
26, T, 1, 0.7000
27, E, 1, 0.7037
28, S, 1, 0.7084
29, S, 1, 0.7067
30, P, 1, 0.7025
31, G, 1, 0.6936
32, W, 1, 0.6796
33, G, 1, 0.6557
34, S, 1, 0.6390
35, S, 1, 0.6179
36, G, 1, 0.5992
37, P, 1, 0.5821
38, W, 1, 0.5774
39, S, 1, 0.5773
40, L, 1, 0.5855
41, S, 1, 0.5981
42, P, 1, 0.6180
43, S, 1, 0.6312
44, D, 1, 0.6433
45, S, 1, 0.6392
46, S, 1, 0.6252
47, P, 1, 0.6050
48, S, 1, 0.5856
49, G, 1, 0.5574
50, V, 1, 0.5346
51, T, 1, 0.5149
52, S, -1, 0.4774
53, R, -1, 0.4643
54, L, -1, 0.4604
55, P, -1, 0.4580
56, G, -1, 0.4672
57, R, -1, 0.4733
58, S, -1, 0.4806
59, T, 1, 0.5212
60, S, 1, 0.5446
61, L, 1, 0.5706
62, V, 1, 0.5827
63, E, 1, 0.5948
64, G, 1, 0.6003
65, R, 1, 0.5981
66, S, 1, 0.5953
67, C, 1, 0.5943
68, G, 1, 0.5999
69, W, 1, 0.5926
70, V, 1, 0.5911
71, P, 1, 0.5882
72, P, 1, 0.5832
73, P, 1, 0.5841
74, P, 1, 0.5731
75, G, 1, 0.5704
76, F, 1, 0.5747
77, A, 1, 0.5766
78, P, 1, 0.5860
79, L, 1, 0.6001
80, A, 1, 0.6215
81, P, 1, 0.6431
82, R, 1, 0.6583
83, L, 1, 0.6689
84, G, 1, 0.6703
85, P, 1, 0.6816
86, E, 1, 0.6885
87, L, 1, 0.6873
88, S, 1, 0.6892
89, P, 1, 0.6847
90, S, 1, 0.6858
91, P, 1, 0.6865
92, T, 1, 0.6833
93, S, 1, 0.6779
94, P, 1, 0.6565
95, T, 1, 0.6317
96, A, 1, 0.5946
97, T, 1, 0.5571
98, S, -1, 0.4860
99, T, -1, 0.4342
100, T, -1, 0.3696
101, P, -1, 0.3031
102, S, -1, 0.2344
103, R, -1, 0.1646
104, Y, -1, 0.0935
105, K, -1, 0.0863
106, T, -1, 0.0738
107, E, -1, 0.0648
108, L, -1, 0.0594
109, C, -1, 0.0584
110, R, -1, 0.0618
111, T, -1, 0.0686
112, F, -1, 0.0775
113, S, -1, 0.0872
114, E, -1, 0.0970
115, S, -1, 0.1202
116, G, -1, 0.1634
117, R, -1, 0.1977
118, C, -1, 0.2273
119, R, -1, 0.2436
120, Y, -1, 0.2445
121, G, -1, 0.2428
122, A, -1, 0.2392
123, K, -1, 0.2408
124, C, -1, 0.2448
125, Q, -1, 0.2423
126, F, -1, 0.2430
127, A, -1, 0.2607
128, H, -1, 0.2872
129, G, -1, 0.3079
130, L, -1, 0.3328
131, G, -1, 0.3538
132, E, -1, 0.3614
133, L, -1, 0.3627
134, R, -1, 0.3611
135, Q, -1, 0.3558
136, A, -1, 0.3416
137, N, -1, 0.3230
138, R, -1, 0.2903
139, H, -1, 0.2582
140, P, -1, 0.2231
141, K, -1, 0.1768
142, Y, -1, 0.1263
143, K, -1, 0.1000
144, T, -1, 0.0892
145, E, -1, 0.0796
146, L, -1, 0.0710
147, C, -1, 0.0628
148, H, -1, 0.0571
149, K, -1, 0.0563
150, F, -1, 0.0563
151, Y, -1, 0.0576
152, L, -1, 0.0627
153, Q, -1, 0.0666
154, G, -1, 0.0713
155, R, -1, 0.0759
156, C, -1, 0.0774
157, P, -1, 0.0764
158, Y, -1, 0.0725
159, G, -1, 0.0660
160, S, -1, 0.0599
161, R, -1, 0.0569
162, C, -1, 0.0575
163, H, -1, 0.0615
164, F, -1, 0.0710
165, I, -1, 0.0854
166, H, -1, 0.1020
167, N, -1, 0.1698
168, P, -1, 0.2437
169, S, -1, 0.3125
170, E, -1, 0.3603
171, D, -1, 0.3902
172, L, -1, 0.4099
173, A, -1, 0.4223
174, A, -1, 0.4274
175, P, -1, 0.4247
176, G, -1, 0.4182
177, H, -1, 0.4224
178, P, -1, 0.4166
179, P, -1, 0.4107
180, V, -1, 0.4091
181, L, -1, 0.4100
182, R, -1, 0.4070
183, Q, -1, 0.4147
184, S, -1, 0.4441
185, I, -1, 0.4798
186, S, 1, 0.5437
187, F, 1, 0.5872
188, S, 1, 0.6352
189, G, 1, 0.6861
190, L, 1, 0.7270
191, P, 1, 0.7566
192, S, 1, 0.7704
193, G, 1, 0.7684
194, R, 1, 0.7475
195, R, 1, 0.7228
196, T, 1, 0.7056
197, S, 1, 0.6885
198, P, 1, 0.6766
199, P, 1, 0.6676
200, P, 1, 0.6817
201, P, 1, 0.7052
202, G, 1, 0.7388
203, L, 1, 0.7587
204, A, 1, 0.7714
205, G, 1, 0.7763
206, P, 1, 0.7690
207, S, 1, 0.7607
208, L, 1, 0.7368
209, S, 1, 0.7141
210, S, 1, 0.6922
211, S, 1, 0.6723
212, S, 1, 0.6651
213, F, 1, 0.6688
214, S, 1, 0.6761
215, P, 1, 0.6747
216, S, 1, 0.6743
217, S, 1, 0.6753
218, S, 1, 0.6758
219, P, 1, 0.6714
220, P, 1, 0.6448
221, P, 1, 0.6186
222, P, 1, 0.5903
223, G, 1, 0.5592
224, D, 1, 0.5320
225, L, 1, 0.5141
226, P, -1, 0.4746
227, L, -1, 0.4530
228, S, -1, 0.4352
229, P, -1, 0.4333
230, S, -1, 0.4419
231, A, -1, 0.4599
232, F, -1, 0.4763
233, S, 1, 0.5114
234, A, 1, 0.5256
235, A, 1, 0.5276
236, P, 1, 0.5330
237, G, 1, 0.5331
238, T, 1, 0.5225
239, P, -1, 0.4854
240, L, -1, 0.4735
241, A, -1, 0.4708
242, R, -1, 0.4699
243, R, -1, 0.4756
244, D, -1, 0.4744
245, P, -1, 0.4594
246, T, -1, 0.4468
247, P, -1, 0.4423
248, V, -1, 0.4394
249, C, -1, 0.4351
250, C, -1, 0.4328
251, P, -1, 0.4374
252, S, -1, 0.4376
253, C, -1, 0.4436
254, R, -1, 0.4519
255, R, -1, 0.4609
256, A, -1, 0.4708
257, T, -1, 0.4682
258, P, -1, 0.4830
259, I, 1, 0.5264
260, S, 1, 0.5416
261, V, 1, 0.5639
262, W, 1, 0.5961
263, G, 1, 0.6341
264, P, 1, 0.6529
265, L, 1, 0.6756
266, G, 1, 0.6780
267, G, 1, 0.6700
268, L, 1, 0.6554
269, V, 1, 0.6336
270, R, 1, 0.6141
271, T, 1, 0.5900
272, P, 1, 0.5741
273, S, 1, 0.5733
274, V, 1, 0.5872
275, Q, 1, 0.6030
276, S, 1, 0.6169
277, L, 1, 0.6292
278, G, 1, 0.6303
279, S, 1, 0.6261
280, D, 1, 0.6178
281, P, 1, 0.6152
282, D, 1, 0.6083
283, E, 1, 0.6208
284, Y, 1, 0.6357
285, A, 1, 0.6531
286, S, 1, 0.6659
287, S, 1, 0.6694
288, G, 1, 0.6722
289, S, 1, 0.6721
290, S, 1, 0.6750
291, L, 1, 0.6745
292, G, 1, 0.6798
293, G, 1, 0.6957
294, S, 1, 0.7122
295, D, 1, 0.7399
296, S, 1, 0.7610
297, P, 1, 0.7851
298, V, 1, 0.8000
299, F, 1, 0.8024
300, E, 1, 0.8007
301, A, 1, 0.7988
302, G, 1, 0.7908
303, V, 1, 0.7819
304, F, 1, 0.7763
305, A, 1, 0.7604
306, P, 1, 0.7392
307, P, 1, 0.7121
308, Q, 1, 0.6785
309, P, 1, 0.6532
310, V, 1, 0.6187
311, A, 1, 0.5752
312, A, 1, 0.5275
313, P, -1, 0.4652
314, R, -1, 0.4154
315, R, -1, 0.3712
316, L, -1, 0.3416
317, P, -1, 0.3209
318, I, -1, 0.3198
319, F, -1, 0.3368
320, N, -1, 0.3767
321, R, -1, 0.4651
322, I, 1, 0.5433
323, S, 1, 0.6606
324, V, 1, 0.7749
325, S, 1, 0.8390
326, E, 1, 0.8988

