Small Molecule ID,Small Molecule Name,Compound Name,c_{SM},Compound Class,D_Binary,$Mass$ $(Da)$,"$c_{dense,SG,fit}$ $(mg/ml)$","SIG$c_{dense,SG,fit}$ $(mg/ml)$","$c_{dilute,SG,fit}$ $(mg/ml)$","SIG$c_{dilute,SG,fit}$ $(mg/ml)$","$c_{dense,SG,calc}$ $(mg/ml)$","SIG$c_{dense,SG,calc}$ $(mg/ml)$","$c_{dilute,SG,calc}$ $(mg/ml)$","SIG$c_{dilute,SG,calc}$ $(mg/ml)$",$P_{SG}$,SIG$P_{SG}$,$R_{cond}$ $(\AA)$,SIG$R_{cond}$ $(\AA)$,$W_{interface}$ $(\AA)$,SIG$W_{interface}$ $(\AA)$,$\gamma_{1}$ $(mN/m)$,SIG$\gamma_{1}$ $(mN/m)$,$\gamma_{2}$ $(mN/m)$,SIG$\gamma_{2}$ $(mN/m)$,$\gamma_ave$ $(mN/m)$,SIG$\gamma_ave$ $(mN/m)$,$\Delta G_{trans}$ $(kJ/mol)$,SIG$\Delta G_{trans}$ $(kJ/mol)$,"$c_{dilute,SM}$ $(mg/ml)$","$c_{dense,SM}$ $(mg/ml)$","SIG$c_{dilute,SM}$ $(mg/ml)$","SIG$c_{dense,SM}$ $(mg/ml)$",$P_{SM}$,SIG$P_{SM}$,$\phi_{D}$,SIG$\phi_{D}$,$N_{D}$,SIG$N_{D}$,$R_{g}$,SIG$R_{g}$,$\phi_{R}$,SIG$\phi_{R}$,$\eta_{GK}$ Pa s,SIG$\eta_{GK}$ Pa s,"$D_{SE,GK,Rh}$ $\mu m^{2} / s$","SIG$D_{SE,GK,Rh}$ $\mu m^{2} / s$","$D_{SE,GK,Rg}$ $\mu m^{2} / s$","SIG$D_{SE,GK,Rg}$ $\mu m^{2} / s$",$l_{conf}$ A,SIG$l_{conf}$ A,$\tau_{cage}$ $ns$,SIG$\tau_{cage}$ $ns$,$D_{cage}$ $\mu m^{2} / s$,SIG$D_{cage}$ $\mu m^{2} / s$,$D_{loglog}$ $\mu m^{2} / s$,SIG$D_{loglog}$ $\mu m^{2} / s$,"$\gamma_{1,Protein}$ $(mN/m)$","SIG$\gamma_{1,Protein}$ $(mN/m)$","$\gamma_{2,Protein}$ $(mN/m)$","SIG$\gamma_{2,Protein}$ $(mN/m)$","$\gamma_{ave,Protein}$ $(mN/m)$","SIG$\gamma_{ave,Protein}$ $(mN/m)$","$\gamma_{1,RNA}$ $(mN/m)$","SIG$\gamma_{1,RNA}$ $(mN/m)$","$\gamma_{2,RNA}$ $(mN/m)$","SIG$\gamma_{2,RNA}$ $(mN/m)$","$\gamma_{ave,RNA}$ $(mN/m)$","SIG$\gamma_{ave,RNA}$ $(mN/m)$",$\eta_{GK Theo}$ Pa s,SIG$\eta_{GK Theo}$ Pa s,"$l_{conf,G3BP1}$ A","SIG$l_{conf,G3BP1}$ A","$\tau_{conf,G3BP1}$ $ns$","SIG$\tau_{conf,G3BP1}$ $ns$","$R_{g,G3BP1}$ A","SIG$R_{g,G3BP1}$ A","$R_{h,G3BP1}$ A","SIG$R_{h,G3BP1}$ A",$Occ_{G3BP1}$,SIG$Occ_{G3BP1}$,$r/R_{G3BP1}$,SIG$r/R_{G3BP1}$,"$l_{conf,PABP1}$ A","SIG$l_{conf,PABP1}$ A","$\tau_{conf,PABP1}$ $ns$","SIG$\tau_{conf,PABP1}$ $ns$","$R_{g,PABP1}$ A","SIG$R_{g,PABP1}$ A","$R_{h,PABP1}$ A","SIG$R_{h,PABP1}$ A",$Occ_{PABP1}$,SIG$Occ_{PABP1}$,$r/R_{PABP1}$,SIG$r/R_{PABP1}$,"$l_{conf,TIA1}$ A","SIG$l_{conf,TIA1}$ A","$\tau_{conf,TIA1}$ $ns$","SIG$\tau_{conf,TIA1}$ $ns$","$R_{g,TIA1}$ A","SIG$R_{g,TIA1}$ A","$R_{h,TIA1}$ A","SIG$R_{h,TIA1}$ A",$Occ_{TIA1}$,SIG$Occ_{TIA1}$,$r/R_{TIA1}$,SIG$r/R_{TIA1}$,"$l_{conf,TTP}$ A","SIG$l_{conf,TTP}$ A","$\tau_{conf,TTP}$ $ns$","SIG$\tau_{conf,TTP}$ $ns$","$R_{g,TTP}$ A","SIG$R_{g,TTP}$ A","$R_{h,TTP}$ A","SIG$R_{h,TTP}$ A",$Occ_{TTP}$,SIG$Occ_{TTP}$,$r/R_{TTP}$,SIG$r/R_{TTP}$,"$l_{conf,FUS}$ A","SIG$l_{conf,FUS}$ A","$\tau_{conf,FUS}$ $ns$","SIG$\tau_{conf,FUS}$ $ns$","$R_{g,FUS}$ A","SIG$R_{g,FUS}$ A","$R_{h,FUS}$ A","SIG$R_{h,FUS}$ A",$Occ_{FUS}$,SIG$Occ_{FUS}$,$r/R_{FUS}$,SIG$r/R_{FUS}$,"$l_{conf,TDP43}$ A","SIG$l_{conf,TDP43}$ A","$\tau_{conf,TDP43}$ $ns$","SIG$\tau_{conf,TDP43}$ $ns$","$R_{g,TDP43}$ A","SIG$R_{g,TDP43}$ A","$R_{h,TDP43}$ A","SIG$R_{h,TDP43}$ A",$Occ_{TDP43}$,SIG$Occ_{TDP43}$,$r/R_{TDP43}$,SIG$r/R_{TDP43}$,"$l_{conf,RNA}$ A","SIG$l_{conf,RNA}$ A","$\tau_{conf,RNA}$ $ns$","SIG$\tau_{conf,RNA}$ $ns$","$R_{g,RNA}$ A","SIG$R_{g,RNA}$ A","$R_{h,RNA}$ A","SIG$R_{h,RNA}$ A",$Occ_{RNA}$,SIG$Occ_{RNA}$,$r/R_{RNA}$,SIG$r/R_{RNA}$,"$D_{SE,GK,G3BP1}$ $\mu m^{2} / s$","SIG$D_{SE,GK,G3BP1}$ $\mu m^{2} / s$","$D_{SE,GK,PABP1}$ $\mu m^{2} / s$","SIG$D_{SE,GK,PABP1}$ $\mu m^{2} / s$","$D_{SE,GK,TIA1}$ $\mu m^{2} / s$","SIG$D_{SE,GK,TIA1}$ $\mu m^{2} / s$","$D_{SE,GK,TTP}$ $\mu m^{2} / s$","SIG$D_{SE,GK,TTP}$ $\mu m^{2} / s$","$D_{SE,GK,FUS}$ $\mu m^{2} / s$","SIG$D_{SE,GK,FUS}$ $\mu m^{2} / s$","$D_{SE,GK,TDP43}$ $\mu m^{2} / s$","SIG$D_{SE,GK,TDP43}$ $\mu m^{2} / s$","$D_{SE,GK,RNA}$ $\mu m^{2} / s$","SIG$D_{SE,GK,RNA}$ $\mu m^{2} / s$",QC Confinement stage,QC Confinement n_total_inside,QC Confinement n_confined,QC Confinement n_plateau,QC Confinement plateau_cv,QC Confinement origin_status,QC Confinement origin_window_ns,QC Confinement origin_stride_ns,QC Confinement origin_n_success,QC Confinement origin_n_total,QC Confinement origin_success_fraction,QC Confinement origin_min_plateau_window_ns,QC Confinement origin_sem_block_ns,"$R_{g,conf}$ A","SIG$R_{g,conf}$ A","$R_{h,conf}$ A","SIG$R_{h,conf}$ A","$T_{c,pert}$ $(K)$","SIG$T_{c,pert}$ $(K)$","$c_{c,pert}$ $(mg/ml)$","SIG$c_{c,pert}$ $(mg/ml)$",$A_{pert}$ $(mg/ml/K)$,SIG$A_{pert}$ $(mg/ml/K)$,$\bar{\Delta c}$ $(mg/ml)$,SIG$\bar{\Delta c}$ $(mg/ml)$,$\Delta\Delta c_{rel}$,SIG$\Delta\Delta c_{rel}$,$\Delta\Delta c_{abs}$ $(mg/ml)$,SIG$\Delta\Delta c_{abs}$ $(mg/ml)$,"$\Delta c_{dil,\inf,rel}$","SIG$\Delta c_{dil,\inf,rel}$"
SG,sg_X,SG,1.0,X,0.0,0.0,593.4714244956477,31.51688116423477,2.778418173173352,0.1457056121976794,463.91386059157446,24.472049501977665,10.200165530606244,0.1681242792451251,224.4156643974933,6.296440671375682,138.33257630302597,5.76026540843896,71.6731990305185,2.86207718356361,0.0820997128090577,0.0074587908670754,0.0847211708825595,0.0075630611131286,0.0834114058482852,0.0075102734599855,-13.388941266590033,0.0776614298253218,0.0,0.0,0.0,0.0,0.0,0.0,0.93586933923919,0.0016989371699201,8.876102564102565,0.2628997843252292,305.1613825199574,1.0358113159923383,0.4528848285809222,0.0193083573553082,0.5621019891523733,0.1320854839664755,0.1441873535843491,0.0456210254092134,0.1014720644056476,0.0320496139201112,299.93912075651855,13.390842005580648,41.44068254017417,3.8065691275335487,3618.162581861411,697.8962579632688,319.9433567856973,8.00364582981372,0.0425764586651706,0.005497436380041,0.0447905831402527,0.0055647279091966,0.0437140020017631,0.0055472692542015,0.13229245399664,0.0242312106517393,0.1357655323635536,0.0247869982221343,0.1340271257957324,0.0245100661162551,1.7501655512506775,0.7268878729254484,235.7383019583796,7.591580233456681,42.78556047194088,1.6673957357978082,63.987307138394094,0.4544854700764346,49.03598357102809,0.1594720156970344,0.970877192982456,0.0004404547664083,0.5837788605513234,0.0208472707514513,262.7204296118537,13.868636772279174,42.6549131823472,2.148885532663851,74.02505229490232,1.2139950394367554,55.73005390120776,0.5846162316965857,1.0,0.0,0.6618135465377906,0.0517913362092872,208.11358011494477,7.649856399256272,42.93646805983543,2.4422031940519657,57.56573252817488,0.4077497937919382,43.01227519981489,0.1686060522384887,0.8891513157894737,0.0043183334544758,0.5608063096384766,0.0183700679495921,552.48603770241,31.376690996594675,24.79944573860374,4.294260579294112,52.33290766462819,0.4245492016519867,40.196007988608095,0.1490606773625527,0.8835822368421052,0.0193636782244875,1.077234998702607,0.0263129997538711,160.74721024521412,9.834474098654312,41.1664915049898,2.3679230911154203,58.13993282947784,0.5761939123391644,46.377610347735576,0.2452696379883897,1.0,0.0,0.416604374054789,0.0102351582943775,855.6685051973801,40.770689177945854,29.87275561741001,33.4465312021511,58.2879265559759,0.9972502300164588,44.27905671246847,0.4141514709240583,0.6071644736842106,0.0229817428058098,1.2467159914677517,0.0712482196334542,436.23967815964033,10.229171179730336,37.56192620171246,2.1612716469443654,206.1034970249273,0.6423262703769583,128.8597636676495,0.3170435034441521,0.9542355889724308,0.0006921432043559,1.1239793401478462,0.0347231870677461,0.1883477659361766,0.0597041635843853,0.1669741356359396,0.0536145282812379,0.213883102373483,0.0673521703039422,0.2268965000600862,0.0709337954133877,0.2002875316508802,0.064129977729493,0.2070300697618585,0.0640385429312513,0.071128063346893,0.0223531819629732,plateau+tau,104.0,0.0,1069.0,0.0401431790739626,ok,750.0,200.0,6.0,7.0,0.8571428571428571,750.0,600.0,90.71179836896538,0.3533525514061508,63.89137190162255,0.175131586642858,388.54409995027055,0.0,190.44325465184446,0.0,118.71092779511494,0.0,,0.0,0.0,0.0,0.0,0.0,0.0,0.0
D9,dsm_mitoxantrone,Mitoxantrone,1.0,Dissolving,1.0,444.48836,656.6274219677946,22.37178105266427,2.083387114512482,0.040579427463631,539.8248582006988,14.439515189577286,76.52301537824482,1.139481975477078,313.9623915647175,9.976445876406752,98.99734463802947,1.937747694848501,53.71114461284984,2.32131891618419,0.0754464166048355,0.0111820825012431,0.0821277733925907,0.0109886620062812,0.0787870949987131,0.0110822624048352,-14.314510914423176,0.083367584413752,0.4437113411253698,0.0747591986087458,0.0002249919523024,0.0122636029614809,0.1685375690266717,0.0276487077146171,0.4233069671143776,0.009676029453014,16.016717948717943,0.7705034134928164,261.34928332503,4.210588705992334,0.3803724863663365,0.01192891435368,0.9276067154162716,0.1837070720805194,0.0780461694109405,0.019527715888721,0.0558817446240689,0.0139405393543115,221.8918792272112,25.258282020685872,18.785615334290164,1.970062262099782,4368.236475163592,1437.2616882565949,155.38997067546106,5.683475001394405,0.0438019245046613,0.0077998384488017,0.0492357405790797,0.0078572076773791,0.0465152963922282,0.0078223356492396,0.1315345182016082,0.0307124525643303,0.1417507951282283,0.0333243997278593,0.1366426566649183,0.0320178373654463,2.395320188245877,0.7164773282026755,194.5028485532864,8.950800575903122,19.430888175701764,2.827574263321431,61.08339388793553,0.5990786512225327,47.673056337478826,0.3030877521526965,0.4032153110047847,0.0188113165672972,0.5986211692895824,0.0275691087715174,145.2166249729154,7.350636014123023,20.47930917439208,2.572777867127374,75.6797159822904,0.83880992768667,56.74730446833422,0.3445960009011775,0.3852927631578947,0.0042104726312824,0.4777316334539559,0.0139596679543196,365.7618350918978,18.70336572696201,20.93532118548862,4.38386916451881,56.64428533588312,1.2743395387083465,42.67573942556136,0.5837958691282591,0.3473618421052631,0.0201150087238415,0.5865550122662919,0.0369368101446745,646.5182518215188,135.67893368781407,18.48806622388426,6.344947435572635,53.36486170255221,0.6140396250503544,40.69141491205263,0.274993755675286,0.3445690789473684,0.0295303908115263,0.9205439022031704,0.0561577023640617,108.06005363924396,4.7413271693481445,20.204419207090258,1.6779423650974732,54.25025982452457,0.6700405578096221,44.87882122884245,0.2467238384151689,0.7554572368421052,0.0024432732204615,0.3550671169990804,0.0096065143198597,,,,,,,,,0.2226743421052631,0.0310900050151261,1.850808542882112,0.2212684128317965,347.4500077880579,11.560498739013108,18.112046535921195,1.7097822714080653,197.00710951721973,2.087402821959289,126.1217921155294,0.876576644866944,0.4307418546365914,0.0079519257176272,0.9775400506307674,0.0613881104994131,0.1071073202641626,0.0269820531102339,0.0893969132381589,0.0224321473829054,0.1190099930871774,0.0296892303909893,0.123430268690213,0.0307405627309758,0.1129718449584387,0.0283327164962739,,,0.0399225551799533,0.0099517691646074,plateau+tau,38.0,0.0,1069.0,0.0417339640570782,ok,500.0,200.0,8.0,8.0,1.0,500.0,600.0,90.30194978190296,0.739340706611965,64.81040321589079,0.2799988141210789,352.5720298085529,0.0,235.53825356122584,0.0,141.12942402725153,0.0,502.6879854705045,0.0,0.0314784256674572,0.0,14.714809882259354,0.0,34.78339692270926,0.0
D8,dsm_quinicrine,Quinicrine,1.0,Dissolving,1.0,399.9646,536.7581058357259,49.817344888630295,1.881848431896803,0.0661006726856477,440.55971220833095,47.845057505931386,77.01682732912414,5.7780513192741445,296.3169122783561,34.418344793859674,103.79315573140818,10.299650644020875,68.21216205802911,5.599594316186287,0.047849108816338,0.0123889564553789,0.0530856692385735,0.012907847427164,0.0504673890274557,0.01264147501359,-13.952594459757314,0.3554505275117698,0.3990606105598581,0.131691603451066,0.000239831644545,0.0241925750559624,0.3299800438395438,0.0607523531231321,0.4608684058225963,0.0727029634119928,15.470564102564108,1.4912367378221516,299.5063535564426,15.406203094226736,0.3598110903792358,0.0347072963749696,0.6089684300290924,0.0946499712883894,0.125838829933302,0.0391954333330422,0.0903873655705777,0.02856439264186,232.63365076624115,20.60683498433593,22.34307810106688,3.5782738004549755,4036.926277870768,1142.3707422969028,153.58794306524345,4.511292315055166,0.0207392993500061,0.0058929813539878,0.0243874597265896,0.0064648499787131,0.0225409629147185,0.0061570711159412,0.0632340913916002,0.0121265393482522,0.0706363219049869,0.0135410348073831,0.0668058120588063,0.0127501443592458,1.869909021557051,0.6304665285107175,259.53725635893204,12.4776094346553,19.83063904457218,3.069995967800813,62.575162255898505,1.8559614003237257,48.37857764441334,0.7241845553322592,0.4375135566188198,0.0956341647034594,0.7090861526036735,0.0262303072600064,191.49879229148917,13.666496716402303,23.95109316576164,5.56291003295068,68.7710413482666,1.111846617514362,53.648712597891006,0.3990494342276037,0.4884671052631579,0.0679029829495724,0.5823492436908552,0.030379321222567,362.0333939093137,159.49616793831433,239.41025297311515,242.57273870473963,55.47612474353497,1.2400315887726203,42.402005341065234,0.5291356182867452,0.4481644736842106,0.0911484226263606,0.6286195622969323,0.0292194575230396,558.8748545963442,135.37274703380095,26.022743680314797,7.789319891451282,52.18373013599103,0.4951795765851747,40.15701950948666,0.221899625214054,0.4109769736842105,0.060861317658591,0.969083506852876,0.0377938199001966,107.28669507193202,1.817476365181856,21.6516176858856,2.4808313564889324,54.171533017525306,1.064945669177186,44.71116336394579,0.4274367099672672,0.6175032894736843,0.0588927650866049,0.4751146216311647,0.0476497834953044,,,,,,,,,0.3271447368421053,0.0774247076765311,1.2383664476986254,0.0901804293127996,325.7301532127319,20.470326079598863,19.118238957206348,2.5892087977354232,191.89512452567337,2.3536510151984418,124.71900658201564,0.5941924664317201,0.4711253132832079,0.07136586181867,0.9603521449336266,0.0389577834227915,0.179079824240757,0.0572288455708056,0.1603810844557995,0.05042437088974,0.2046600826382251,0.0653104725703789,0.2133706411712152,0.0669196442287845,0.1925988328339277,0.0608250389605364,,,0.068318470175627,0.0210076949516998,plateau+tau,27.0,0.0,1069.0,0.1380660310418011,ok,500.0,200.0,7.0,8.0,0.875,500.0,600.0,95.41025669409125,1.0372721593323793,68.18846104676571,0.3073896475721737,351.1900386831432,0.0,213.6418210482645,0.0,127.42749103748308,0.0,452.63201843781445,0.0,-0.0749697017223233,0.0,-35.341157150430774,0.0,54.77834445893654,0.0
D7,dsm_pyrivinium,Pyrivinium,1.0,Dissolving,1.0,382.52926,650.0101171109058,15.14665689533423,1.5902174502517403,0.0709395595110931,510.70410164443246,14.01209458241329,87.24591246778219,0.9796019087127474,427.2474487515016,26.53017657896122,88.31549594281599,4.256263614121619,55.36387664223484,2.2594810529241607,0.0446058359161875,0.0043278267588428,0.0517194423812651,0.0045696393931316,0.0481488619765806,0.0044358986460206,-15.01799914405326,0.1494849872038738,0.3812634869628056,0.0870715673526898,0.0002114427889998,0.0141845600236376,0.2286081963350272,0.0373035403570604,0.3345264414181498,0.009653484907553,16.40430769230769,0.5149627072411251,265.4844826008479,6.201784457124071,0.3424071678064213,0.0198184253934281,0.6743518736523135,0.1160453066288211,0.0489583557284026,0.0098669418462917,0.0357892268574626,0.0076954150771229,174.84038525526103,18.09809306647213,16.026245182090264,0.7867563350344008,3179.0728238670563,678.799617046688,94.72740957144158,3.164394071178867,0.0319907877612442,0.0058181114870714,0.0375542132578736,0.0063829925388844,0.0347725005095589,0.0062408272162033,0.0880148668318329,0.0275640688210114,0.0999835847126279,0.0299722742144934,0.0939992257722304,0.0286010077226212,1.3779661107940129,0.3972566130947919,795.6984969072602,21.74785130511519,16.69764813561466,3.770791870802715,59.09019174824683,0.4623151418466694,47.21638510351371,0.2242185014504054,0.2607384370015949,0.0052468894530015,0.6492004146804788,0.0339497220854087,328.0479718488032,9.674542350990713,16.07058197674946,1.868348954484923,73.38751217822539,1.4998074541241029,55.715637700790026,0.7040615892941517,0.4908947368421053,0.0105742934927289,0.5586866165604087,0.0244001704469751,829.1889206687239,126.6034925281082,28.250460129331643,49.712917737391344,55.23946026044013,0.7344210804625501,42.10892430765201,0.2917640982388584,0.3138157894736842,0.0294722601297448,0.7415288927196028,0.0476454677683378,737.2958828292556,337.2190780051982,35.23776306752178,119.4126384136899,52.91589104412763,1.0060289895523773,40.391524609296745,0.3495763550353432,0.1672927631578947,0.0133034615887124,1.1717117240078476,0.1171751418840406,100.05711750249442,4.058278133171887,17.034690161209042,1.9072103245054768,54.58459878205031,0.7228252308296421,45.016760993541816,0.3230399433222911,0.5060657894736842,0.0018878018485746,0.410926571135481,0.0167886025633494,,,,,,,,,0.2441611842105263,0.0360533801261397,1.2156270395077695,0.0833663230108306,488.7116028280715,23.59731805813995,14.52475795400488,1.7342771625307651,185.6692417700911,2.371178726791426,122.21677086586308,1.1006795289761715,0.3325538847117795,0.00812568718545,1.0545492638901397,0.0739891467874996,0.075792699385092,0.012095799573389,0.0647524585586746,0.0102603296985725,0.085894364875125,0.0138325430616414,0.087889664127718,0.0136785146353462,0.0798821878291887,0.0124866150625491,,,0.0293636973214778,0.0045564744797924,plateau+tau,21.0,0.0,1069.0,0.0534418913660146,ok,500.0,200.0,8.0,8.0,1.0,500.0,600.0,,,,,323.55512688963535,0.0,209.12513388769705,0.0,141.79078835717408,0.0,406.4171576443569,0.0,-0.1657576086782992,0.0,-81.55601794388842,0.0,27.92548590424937,0.0
D6,dsm_pararosaniline,Pararosaniline,1.0,Dissolving,1.0,287.36459,618.4370607911322,36.92112969011565,2.6416904740621434,0.103163201719027,494.1383265295587,27.779412074557,35.115864658085066,0.7201246267344964,244.1158833800041,14.79436440558869,130.52363442705527,3.5447707561642114,61.72606995855404,3.654488698933892,0.088389202469856,0.0119573689795021,0.0918389675876885,0.0121891605002591,0.0901140850287723,0.0120731779492989,-13.621259703876031,0.1586549324691588,0.2867647828114091,0.0443967893556908,0.0001199792542296,0.0052780387353468,0.1549441933805983,0.0184613791392329,0.7622356806371519,0.0072861168653147,13.113846153846156,0.7234273853910147,291.0557305383475,2.771871933183592,0.4474880539171851,0.0116830008860195,0.7107405175638778,0.1293625570653953,0.1013819156180006,0.0302207793647064,0.0716220265780549,0.0211944730686295,277.7392047674572,16.182354482894265,39.736723934118025,3.663813008038672,3235.422980211502,539.9948677089355,183.7634563660062,5.658867773171608,0.0478561583115099,0.0052514396832367,0.0507883444469384,0.0053554803296939,0.0493368691691688,0.005309817758399,0.158706050287329,0.044019803968794,0.1651690122285619,0.0459882313729708,0.1619349655077285,0.0450040401227715,1.5714073416869263,0.5405634434629063,256.33657860236383,8.612708645206794,42.20440447990343,2.3985416240478385,62.5292394759757,0.3296634873157278,48.34787158429723,0.1711519776311773,0.7368229665071769,0.0029050039878953,0.6138104676453595,0.0359133836551373,205.0493047241885,9.10060347716605,43.76414025048816,3.127658562491076,73.48453571953105,0.695436386734698,55.87738664585694,0.301238059912869,0.8192861842105262,0.0012108052620946,0.5419564598662606,0.0179734634997548,207.23313345075007,6.848809622254062,42.65266965034667,3.526979998603532,58.37099839862744,0.4882306538981276,43.431592808507816,0.183985959031336,0.8000789473684209,0.0143571291044848,0.4994292960908263,0.0213818351020629,442.5798177131588,61.64649592425419,32.994245793330215,5.176024384102414,53.04188994956103,0.7483763301836557,40.51823037046216,0.3627520040081018,0.5947302631578947,0.0349521093578009,1.0320483550751645,0.0499096750710089,137.2386039627215,6.555620720882898,43.529906589186886,2.9136698170010544,57.25572142423729,1.087074817787007,45.94331840575047,0.4331114530125846,1.0,0.0,0.3620969301910146,0.0225816013926853,,,,,,,,,0.4220098684210526,0.058907127296654,1.6163258290335447,0.1204447906213451,400.2525674554666,14.242297014599451,35.479565495809155,2.5374998587149107,203.37592707232932,2.2746425487081328,127.96658667686654,0.8994794589278694,0.7720501253132833,0.0021199265187042,1.0444377742473965,0.0343533984583242,0.1341105437974863,0.0398991807785217,0.1173397950726235,0.0356809843019599,0.1494011939251026,0.0443442573805421,0.1603957702152552,0.0475878136234761,0.1402982187536534,0.0412646109252314,,,0.0509459111739996,0.0151681770201205,plateau+tau,84.0,0.0,1069.0,0.055107593176446,ok,500.0,200.0,8.0,8.0,1.0,500.0,800.0,90.57733523565194,0.8692468020531879,64.13749395693512,0.3504417894408383,350.50851972277377,0.0,224.24582436057335,0.0,138.3209486175918,0.0,493.4134592493464,0.0,0.0113475002298238,0.0,5.440283661101167,0.0,18.42136603205514,0.0
D5,dsm_anisomycin,Anisomycin,1.0,Dissolving,1.0,265.30973,740.4357930727053,28.886171074807887,2.839751726544427,0.0925110553607728,589.3790027670062,19.914319801103264,18.41548758245106,0.2896448334197069,267.30308598355407,19.17366690777157,108.65167390821104,4.620987280894706,80.24066317095193,3.162426686930462,0.1087577065927638,0.008534735475378,0.1130394903500457,0.0089266147354572,0.1108985984714048,0.0087304306777603,-13.859968031824788,0.1722071440645875,0.2645772221938557,0.0394006847814374,0.0001257616600737,0.0054171467224699,0.148943921379677,0.0205099322065317,0.8745693114990788,0.0018727133680245,12.91979487179487,0.2995214413000863,315.369356329086,1.3516780918862414,0.3459686561258579,0.0161769708424177,0.733815836965068,0.0746043478832133,0.0510792152323501,0.0074121817696206,0.0359973910043246,0.0052539294431356,314.82065914840194,17.372558879151764,44.68627821567567,3.67544032870288,3696.587684339992,637.4516510346612,299.8257175711417,11.451358185385756,0.0393658247231637,0.0020192847095038,0.0421779989607762,0.0020883558180751,0.04077191184197,0.0020529153474018,0.3786458960240134,0.0743575454573818,0.389635452738268,0.0765302791981043,0.3841406743811407,0.0754437268226425,1.288118953222139,0.4730945604853125,272.20309302728464,11.152450321082684,47.45657491530686,2.7146786592739134,63.3479577526222,0.4055832170315812,48.7239124845216,0.2029139858342076,0.9417655502392344,0.0005235328420602,0.5573544279675684,0.0404735288423309,224.37068889452647,15.754202941916391,46.50458684587569,3.897836655825869,73.53960971454566,0.9626960387994518,55.99895926083898,0.3514468669435935,0.8225657894736842,0.0022140087409663,0.5118598021932441,0.0091774033536243,201.69002131796057,5.184852643858109,44.5103310863571,3.9844555830146913,57.10038361156496,0.3676837778311235,42.96300012308103,0.1693693103959266,0.9028124999999998,0.0268056695969236,0.4885040896143788,0.0315786127580565,494.96198400229855,33.41467585265009,25.100351605112017,4.431416301194246,51.90869439634231,0.3656195289527967,40.0355762326928,0.1690439667452913,0.7412894736842105,0.016759410526596,1.1398908907373215,0.0259672698886901,160.77435503098195,7.636330408431588,48.51863835027508,4.078972168844764,57.11858336292169,0.5131291950942567,46.065109814790574,0.2063488219154249,1.0,0.0,0.3620420743408345,0.0103372436710551,,,,,,,,,0.4259736842105262,0.0096718027526603,1.7389732638146165,0.0537331570574007,454.8701914615445,16.84244282970835,40.29273583176581,2.7169242663718567,208.7889018202562,0.8080990632513481,129.72775950888197,0.2944106842477341,0.9093984962406012,0.00093387936958,1.004658026494741,0.0267141871235149,0.0677413328278359,0.0097367202704647,0.0593275124785684,0.0087455165372936,0.0772063395535857,0.0113997284058659,0.0823156685920138,0.0119954575077297,0.0719284701734596,0.0104736654266862,,,0.0254227947359322,0.0036666589921356,plateau+tau,96.0,0.0,1069.0,0.0562737591352855,ok,500.0,200.0,8.0,8.0,1.0,500.0,600.0,92.1197456469666,0.2328837829483692,64.70166130538155,0.0818607565996101,381.927467058345,0.0,209.59767776689267,0.0,126.18245291259998,0.0,535.5305294144977,0.0,0.1021961467737638,0.0,47.55735382625246,0.0,14.68648956971028,0.0
D4,dsm_dihydrolipoic_acid,Dihydrolipoic Acid,1.0,Dissolving,1.0,208.33432,637.5691391313524,19.622166491147937,2.9861317492974067,0.2308008717815233,518.6260596535639,17.752608836579924,23.347394287873584,0.3171894475196891,223.42712829614155,25.380340144386683,129.21486207976574,4.584504689827164,65.04745700717847,7.201062011829619,0.1005257907098067,0.0075982205349922,0.1034719987922476,0.0077070101834184,0.1019988947510271,0.0076523553241995,-13.405021822430886,0.2611338198628181,0.2079227058578115,0.0540980035238274,0.0001021436262109,0.008057394737285,0.2603564770250581,0.0389162129250681,0.8435333927252143,0.0024099442156757,12.098564102564106,0.664467711726668,298.7756524752792,0.9492880500399524,0.4339206507546504,0.01575613572523,0.6755580027702816,0.104503015460632,0.1132654414395493,0.0303032825287185,0.079537974960323,0.0211929014289114,283.0923808508329,14.366743501797751,43.92534874466344,3.853511116592552,3040.8142597285405,429.9717792731432,332.08959677145185,11.609121311164095,0.0539488440396943,0.0080717111478557,0.056713450545335,0.0081469141263224,0.0553308525067414,0.0081047805600294,0.1257084561444435,0.0218522007226055,0.1293327608375606,0.0223726875979958,0.1275162658556025,0.0221136942228417,0.892346444471713,0.2523531295695037,268.03949890662165,7.090625003158321,44.50503495925162,2.958157385375537,63.05994275236304,0.625723891572886,48.54222411947983,0.2934655952638443,0.8513508771929827,0.0007119184289748,0.5971780793291133,0.0470852244278442,222.61462749103623,15.666504700597708,47.14317281942535,3.344329120465108,76.51436866427692,1.2447360729549084,56.77724835750384,0.4403682070973403,1.0,0.0,0.5441040532688898,0.0420026746939367,232.3377592185008,9.796357542370668,45.97534575027776,3.8448744034896336,55.27894015718118,0.6921655131902716,42.0450292668198,0.253506992421189,0.7862598684210527,0.0244421557111136,0.5764167421660745,0.0565125578215441,479.0081259636311,37.53899881165383,40.21673665023423,7.172666830439547,52.746941557593,0.82190784871775,40.39087341689174,0.3672287085789866,0.840217105263158,0.0233262999336626,0.9663278481918168,0.0470902532092587,136.22749566549436,4.1141870737739605,47.61198841414722,3.859316239083034,57.406802331229954,0.652206869804843,46.188987144065926,0.340142990919497,0.9384967105263158,0.0003247248548799,0.3497726767640305,0.0205722596116814,,,,,,,,,0.3966019736842105,0.0408650998298219,1.8095072356597377,0.1687165085186446,421.7562495692092,7.20102370635626,40.447010619959,2.7666988848031333,204.168421303904,2.8149715986190915,128.0466536097513,0.9570468846105622,0.8608170426065163,0.0008332341921765,1.0523319341818962,0.0442286533875419,0.1519950411943249,0.0406007716821804,0.1297081153834289,0.0345023639661535,0.1754526268564542,0.0464896675302063,0.1834139188513455,0.0492822674967242,0.1602845337910146,0.0429906231208574,,,0.0580044202085694,0.0156026916598948,plateau+tau,89.0,0.0,1069.0,0.0357955680936894,ok,500.0,200.0,8.0,8.0,1.0,500.0,800.0,92.90546920347128,0.9793097030710728,65.29321946210868,0.3698811883552477,357.407521765974,0.0,207.26406331260463,0.0,128.75010401234783,0.0,480.6120523433342,0.0,-0.0123935479519942,0.0,-7.361123244910989,0.0,13.342425646099173,0.0
D3,dsm_lipoic_acid,Lipoic Acid,1.0,Dissolving,1.0,206.31838,675.682940766997,16.70710372720655,2.625742770770193,0.0664757982859682,525.1954324690689,10.384502027462638,31.156356229868425,0.3370394116386805,260.32656949444066,10.218873294744094,120.98453424492142,2.6852482394003108,68.37965558597129,2.1902745681355067,0.1032607632429067,0.0052629116490087,0.1066547090766094,0.0053168346782415,0.104957736159758,0.005289479839951,-13.839568950004102,0.0914562350808853,0.2059937031379733,0.0274394746456095,0.000106994856121,0.003438661194499,0.1332412521048696,0.0167067328956385,0.7868596463585602,0.0020758384921132,11.968615384615385,0.6076660324084779,294.84724922597223,1.3030928840403828,0.4103279589142818,0.0104906081897671,0.9466537198217552,0.1675525520163059,0.0748312674707105,0.0265525543155209,0.052349066709172,0.0185163578192116,283.55752896318035,15.09051199395107,43.51436150437908,4.033446640375015,3079.6297073711817,518.4567428457044,243.56155783204977,9.441499176068586,0.0446617520927144,0.0017216366740812,0.0472614876695223,0.0017430909601849,0.0459616198811184,0.0017202839483838,0.1827216380330136,0.0284787028748876,0.1886020317016721,0.0294629760246326,0.1856624424225404,0.0289702908476703,2.202222341652626,0.7466913800665836,266.2146182698475,8.105961008235985,43.78381764158189,2.899066626374424,62.59393180932461,0.8475888972122767,48.39836389303354,0.3154284677894802,0.7564864433811802,0.0020422636561538,0.596375622333416,0.0200217533973625,208.24443725640137,16.39412785438831,44.95311618571876,3.6119048302711128,76.91831016931779,1.5852522374484663,57.18876645716295,0.6145780145183235,0.8759967105263158,0.0003665321033145,0.5518022317930934,0.0369473396803905,242.5871489231625,8.220077064548994,39.12371515921993,7.373007228614863,57.516470328779306,0.4458936363439242,43.026382269883776,0.1953752440544428,0.7958355263157894,0.0070874171234294,0.5256158460427969,0.0272423376142158,460.8398801566698,42.245596150227286,20.359478400215103,4.405821643156518,51.74281582325806,0.379585661418111,39.90301630812425,0.171406690908197,0.6187763157894736,0.0117777500206012,1.118712010329224,0.0283859519349995,137.69284611416114,6.722446172201458,45.60317964244992,3.939773635183574,57.48278108980881,0.6897782740789109,46.06070624936096,0.2632289033047783,0.9375098684210526,6.8830838729895625e-06,0.3663883743746485,0.006613570175234,452.6785139983157,234.77298435287327,28.875436545133788,29.841050514495308,59.66998708959725,2.7452970319127896,44.754862365037965,1.1829382493287612,0.4645822368421052,0.025229672994141,1.4551002117576717,0.0806666625704616,419.9365494757656,14.61774788439643,37.84416168759598,3.074351220148232,206.57983790949712,1.045548416801668,129.32113358114717,0.2845583610516895,0.8117844611528824,0.0005870068463814,1.105632180643433,0.0223085128821211,0.1018220204593189,0.035852398751795,0.0863106340972834,0.0309109173584729,0.1150690297547909,0.0411472281354119,0.1236121104679629,0.043856868094604,0.1070245835981171,0.0380147550989192,0.1073636637795654,0.0368049528184474,0.0379251592924187,0.013416037561592,plateau+tau,84.0,0.0,1069.0,0.0623011043617467,ok,500.0,200.0,8.0,8.0,1.0,500.0,800.0,93.85924479963596,0.4402429193531572,65.81670472865962,0.1430165421382164,373.5877928695085,0.0,207.7541903148349,0.0,126.29650202860306,0.0,504.26171196271713,0.0,0.0352112952146827,0.0,16.288536374471885,0.0,11.90678175477588,0.0
D2,dsm_lipoamide,Lipoamide,1.0,Dissolving,1.0,205.33365,645.4232577291355,48.67251099552559,2.503924725713273,0.3162117559326506,489.7527653605023,26.418997554647703,11.379751937131232,0.5147409300604124,308.1291970074318,58.665147323851215,120.75147476886188,9.094801757786888,83.69259642927457,8.062079307266682,0.094379413135024,0.0120692973114722,0.0976730096466943,0.0123322491228293,0.0960262113908591,0.0121994947282317,-14.001715548390289,0.4251127739950625,0.2049963522369662,0.0412130026527261,0.0001276266616411,0.0077545377594809,0.2012505438718385,0.0379808713292251,0.9281459333020372,0.0020261057951552,11.127179487179488,0.4815659439446966,312.4397704730104,3.136409791457662,0.3898030123772591,0.0324151244535136,0.7045200169573083,0.1411600158938752,0.3016744139554438,0.1570973121538843,0.2123478269101465,0.1105429426335432,318.4213129646207,20.212341184837676,48.90297761932989,5.788130950237216,3455.5541566190045,823.304458453411,348.0627875340137,9.368303982627456,0.0445805272370801,0.0061802587903779,0.0480518222201722,0.0069567342116764,0.0463647492835799,0.0066019414931884,0.1207164601752236,0.025773520397617,0.1235745576383584,0.0261063847049439,0.122145508906791,0.0259399393407046,2.033786291495562,0.7898041172708063,265.87294775454995,12.716523548373546,52.17201062576723,3.2503999608844905,63.43159201446105,0.5699850655346697,48.773421715988015,0.2673004125808942,0.9402009569377988,0.0002844431465558,0.6212461807900985,0.0352235953447371,264.5174185960254,17.28288895543059,52.18033149635909,3.966836049779236,72.18638689099826,0.556561707785841,55.41519274056263,0.2603858829420352,1.0,0.0,0.6356537862644663,0.0103977585614287,236.29053160758937,10.940386227825154,48.84303828033925,5.500947521226161,56.96005645680224,0.4621579650258504,42.80107847389807,0.1863209981501711,0.9220361842105264,0.018021408831411,0.6218277935645494,0.0265555160246858,534.8278546056266,51.57515013250684,28.45483156437892,4.536225278081613,52.76060347908818,0.248382065365846,40.40409962260229,0.0951887677045867,0.904611842105263,0.0186170705172254,1.0355173110885558,0.0271704273285174,191.6206865890244,14.397549960269274,49.06515201180615,3.70550266145485,57.70757728159733,0.7728738384914191,46.18356455004521,0.3670132132792316,1.0,0.0,0.4648862277764763,0.0368334504057376,,,,,,,,,0.524779605263158,0.0175524152633587,1.365156738413717,0.0443029414635045,451.8029430617472,12.79326934974578,45.49825464759858,3.276896733147115,205.21932765455972,1.5401951189904035,128.37036414141534,0.6641468826940631,0.9532807017543856,0.0003253551646752,1.1272287307235012,0.0173711216289771,0.4010540563952762,0.2091313702832487,0.3502550935867061,0.1822485442049738,0.4526861725779921,0.2356211310943216,0.4766922505246027,0.2470877859410871,0.4243711549290042,0.2212602714304303,,,0.1520166524429406,0.0791952805744892,plateau+tau,102.0,0.0,1069.0,0.0484924588485661,ok,500.0,200.0,8.0,8.0,1.0,500.0,800.0,91.80367706270997,0.4696985346952816,64.6058511082334,0.1975052682963357,381.89965988220655,0.0,193.13767439621148,0.0,119.428220440643,0.0,507.7364195064532,0.0,0.0410935850629144,0.0,19.76324391820789,0.0,8.034297465139696,0.0
D10,dsm_daunorubicin,Daunorubicin,1.0,Dissolving,1.0,527.52883,569.9432502555197,16.14186726051212,3.2327741858889616,0.1771334758063758,498.0887470715117,23.626674711170217,23.82793431922738,1.1861009950397103,177.95444826152948,6.6673661933609845,141.19956490065368,2.6503881146189365,56.08724295690459,2.982507289125482,0.0925029327316048,0.0058534502008789,0.0951057180351548,0.0058513139510687,0.0938043253833798,0.0058522027700545,-12.895438994335471,0.0918932353921023,0.5275758360608535,0.1415580372038282,0.000275592303318,0.0207764662479992,0.2683397497747583,0.0392915991495149,0.8421085834451432,0.0072796655232101,12.888615384615388,0.5450506275172315,300.8272365800162,1.9100180166386889,0.4710675940095879,0.0127470090569795,0.420205937186234,0.0532484545303124,0.1244798724412064,0.0307185862478741,0.0869323870591893,0.0216004936160493,287.86226189324026,15.511580789143077,59.71996571274365,5.960198893194767,2312.590126080452,404.53706567118496,202.84327868688248,7.056110888585547,0.0578257015551226,0.0041616588786316,0.0604758671737598,0.0042846523751321,0.0591507843644412,0.0041529796509084,0.0851595559166323,0.0050663976862438,0.0875243178544335,0.0051900623701801,0.0863419368855329,0.0051516431152583,0.7918912238935409,0.2572482153154378,263.17543720345185,8.18753438498536,60.5221480411061,5.448322100976282,63.747404828487305,0.3277048867499024,48.8881111033814,0.1230861808733336,0.8123444976076554,0.0108494934976074,0.5640341635031971,0.0086072327654845,256.7532671899135,11.081859825323663,63.693636204189616,7.017412778095191,72.8771400307419,0.765247704781035,55.307142117126986,0.3251714138635156,0.9763486842105265,0.0110185185185185,0.5118308248803132,0.0169621345513572,288.6061226110882,7.957795694245561,40.61653769360971,6.667467275238809,56.99411184973373,1.0570377079647275,42.81376205718212,0.4653612630900451,0.8295657894736841,0.0534932631061631,0.5188914213819618,0.0461972173423628,589.8245682225745,31.69503015399408,27.035374063509817,6.58737870560652,51.32897520241371,0.4184931006604718,39.75430401398096,0.2022095028052296,0.6723552631578945,0.0237526088792668,1.1143245454199415,0.0447296045615694,154.58876022461837,7.657180851973169,62.9230908097926,10.26656243224872,57.30104059352631,0.5982203498782067,46.09833694829696,0.222147921792485,1.0,0.0,0.36016437132109,0.0138585377268478,566.7380301192594,4.402259086876991,9.466937923769173,13.412067753950556,60.1303001544659,1.5922504777359532,45.28033019256592,0.6253850744871972,0.4452993421052632,0.0215930209084957,1.4952396128802412,0.0928800818177258,429.417066458481,11.893372365885272,46.1865258767356,3.742575788380527,207.29088841491009,1.9263797586481648,129.19196233313576,0.6868437864252073,0.8710526315789474,0.0077988798971721,1.0242573008957223,0.0334642136365129,0.1687657724671812,0.0410681823171541,0.1493971394611274,0.0365776539629094,0.1943292434879249,0.0496608790301598,0.2088007863963488,0.0517325949566373,0.1780914685901519,0.043106411662455,0.1858368339892707,0.0464191893715611,0.0640635266528235,0.0159273621574907,plateau+tau,84.0,0.0,1069.0,0.0557606649338608,ok,500.0,200.0,7.0,8.0,0.875,500.0,400.0,94.8930327884086,0.7568219279384225,66.41481649937016,0.2611855087057447,353.595790536824,0.0,215.30425273687248,0.0,133.96737202581056,0.0,489.68759017218576,0.0,0.0047377706585412,0.0,1.7144145839405005,0.0,10.075070174495934,0.0
D1,dsm_hydroxyquinoline,Hydroxyquinoline,1.0,Dissolving,1.0,145.16089,581.9640408378355,32.10228351080909,3.536990107651088,0.1178768017157388,491.6250239182091,25.99869857305368,4.639379799589709,0.2649900158400677,166.24945859707964,10.156089534038523,144.41745288269058,5.312290162052739,63.119060357790445,2.541733321304029,0.0794166328395779,0.0092459481898426,0.0816260988909951,0.0093082677310367,0.0805213658652865,0.0092769244648077,-12.700954677319164,0.1528614538151908,0.1448978276526998,0.032519144888479,6.006108790223641e-05,0.0044154359381832,0.224534821884951,0.0304730591507683,0.9705190652653078,0.0020252915555069,8.560717948717947,0.5083680171060396,309.1976336114567,1.4437161300204546,0.4677564465053602,0.0181636851403603,0.6176465855211493,0.1108891035471182,0.0957742342136838,0.0163610452196556,0.0669044253648903,0.0114253193359251,311.5647628393777,17.78183506244216,55.3904107159686,4.772959119405092,2920.860614331704,558.7194229494036,236.7026206557273,8.383988996415962,0.0377485655791064,0.0034744210459077,0.0397066406458036,0.0035714350637721,0.038727603112455,0.0035228242596452,0.1560531808603701,0.029345124852029,0.1603171714113233,0.0301720017095739,0.1581851761358467,0.0297581240943613,1.4548474715989517,0.6282751170380423,250.1293334157158,9.281633960209822,56.120870748458536,3.2882588842960443,64.67539214264485,0.3724617423000861,49.268970659144834,0.1564940148107012,1.0,0.0,0.6428099962948535,0.0234877013455109,234.0308179060437,16.205903838175693,62.13000832502854,6.63171054883633,75.87370031882556,0.9370139535845724,56.77218582779322,0.300082538803662,1.0,0.0,0.6009650544155163,0.0117568623254377,227.79852977405875,8.743199494001644,62.94409299948502,5.53475292019058,58.28173804877704,0.7701208046460615,43.40498302972536,0.3423641757839474,0.9788322368421052,0.0122222222222222,0.5626396028194991,0.0238883381399228,470.1263977891858,28.86890814053136,39.69002946766423,5.067981481082758,53.089172950236005,0.2877616578306518,40.52016708008856,0.1322048536394279,0.9776710526315788,0.0091222839875827,1.0478515799765582,0.0298029625854785,151.689723873471,5.576004203032115,66.16691546107813,5.201102591464764,58.3972125970767,0.5730686025252749,46.495585244398846,0.1865544377103694,1.0,0.0,0.3819121192226604,0.0156745382862851,388.3642683627604,2.17503807897828,9.909032597050278,11.511836254155591,58.10965646890492,1.5734560788560972,44.842840262192944,0.7004713007316574,0.5756809210526317,0.0348024920178102,1.4005381937873178,0.1100736215973854,456.4439096406135,18.406404902027617,52.11073820400037,3.598207262189317,208.7298762346391,1.338901261615269,129.44651763480053,0.4305617273412837,1.0,0.0,1.1739274565539686,0.0256408595896749,0.1260204854760683,0.0216554061276688,0.1090886386533253,0.0186453151037201,0.141730578773789,0.0238999708049273,0.1523172911188336,0.0257830746346411,0.1326740822154762,0.0226050224093824,0.1381368402323131,0.0233519478880646,0.0478023096287181,0.0081706500378128,plateau+tau,110.0,0.0,1069.0,0.0433721636104986,ok,500.0,200.0,8.0,8.0,1.0,500.0,600.0,92.493859374976,0.2488366251442351,64.60915497640786,0.0902533811542851,395.7486365527713,0.0,185.10947207862225,0.0,115.55727576483028,0.0,513.9688088967176,0.0,0.0532710091241565,0.0,25.99563330847231,0.0,6.584962923690124,0.0
DSM_AVG,DSM_AVG,DSM_AVG,1.0,DSM,1.0,307.233261,631.2851127499105,18.382688839570022,2.592245873658852,0.191434745940793,509.78940298228827,12.22880253285681,38.86679239893776,9.486718108946384,268.50325236147563,23.79539916394852,118.68491935244133,5.832856560236122,65.55799287797392,3.1873127710677167,0.08351338030589,0.0069975472915695,0.0876342877391864,0.0066518289637374,0.0855724563053237,0.0068224688356364,-13.76090322464145,0.211244487220293,0.3066763868599603,0.0674147506464099,0.0394746699729475,0.0129371471522791,0.2118736768622993,0.0198055855175338,0.7226673427587618,0.0722723191227115,13.056892307692308,0.7592689519981256,294.88527487154886,5.781324346202858,0.4048923117156177,0.0153678130864336,0.7020067635883351,0.0481306890214585,0.1115329715443589,0.0228324942268296,0.0787749435638209,0.0160332568966627,270.6424026675825,14.748701664047577,39.30310050643256,4.8149023946241725,3332.569510558379,185.8410157707168,225.05543387294196,26.204437740789118,0.0422519385154303,0.0033683062613935,0.045635302522585,0.0032572066600909,0.043947314997598,0.0033099368071572,0.1490494713866066,0.0280508257499608,0.1556526006156021,0.0284466802006532,0.1523374664591137,0.0282484977833956,1.58778153886184,0.1692139818847544,309.17101089993145,54.51734520856181,40.27240367672643,5.051314953622695,62.61342086679597,0.4911328339740349,48.42108946452523,0.1881511169799993,0.7140438596491228,0.0812527476242842,0.6149716674437341,0.01401942024654,228.03439511713432,15.402324497952556,42.08699764439884,5.269628973107274,73.92323210170194,0.773567989976922,55.94485361738608,0.3263962391469016,0.785885197368421,0.0760368444433015,0.5516939706387003,0.0146303450133503,319.3527396573046,59.629887751437714,61.326176490757085,20.107148491737306,56.786256919132406,0.3629256503616482,42.76724971033766,0.1510556746612947,0.7124763157894736,0.0779576208726493,0.5750028258962915,0.0240063689897004,541.4857617700263,29.72148412147892,29.359962051616534,2.3735756280310047,52.50835762411631,0.2130261411473139,40.27662260756788,0.0952804993422688,0.6272490131578946,0.0816150517974712,1.0516011673882475,0.0263673790013042,138.5236337674143,8.904985194705732,42.23095983329209,5.449648060297886,56.56761103044983,0.5005260855153577,45.764235394303896,0.2017940500307268,0.8755032894736843,0.0580008872294889,0.3888371083756481,0.0146016370149288,469.2602708267785,52.15526728091093,16.083802355317747,6.397090246343486,59.30331457098936,0.6114427686289898,44.95934427326561,0.1624899975267728,0.4048907894736843,0.0356878537370235,1.5185643115435352,0.0719173175004543,419.6371240951688,15.953933551314003,34.96140358105969,4.151017593853245,201.872465622308,2.474035417593045,127.5128547049407,0.7727973245652735,0.7412804511278195,0.0755473667925701,1.0524914863195192,0.0211917151507771,0.1513489096507503,0.0300875237443186,0.1315957384985696,0.0264980012395682,0.1715439625530166,0.0340319919885835,0.1812238370155508,0.0358272061338273,0.1600125377672432,0.0319044647439014,0.1437791126670497,0.0228282430289118,0.057378549681246,0.0114228642866481,,73.5,0.0,1069.0,0.0590345198624987,,500.0,200.0,7.8,8.0,0.975,500.0,660.0,92.70717450975718,0.5890130802332174,65.39752958886145,0.4195845936284577,353.01064499060755,0.0,221.62446497233373,0.0,136.02230380216915,0.0,489.9760757598858,0.0,0.0052811759703689,0.0,2.002900171640571,0.0,19.597757222109944,0.0
DSM,DSM,DSM,1.0,Dissolving,1.0,307.233261,631.2851127499104,18.38268883957003,2.592245873658852,0.191434745940793,509.78940298228827,12.22880253285681,38.86679239893776,9.486718108946384,268.50325236147563,23.79539916394852,118.68491935244133,5.832856560236121,65.55799287797392,3.1873127710677163,0.08351338030589,0.0069975472915695,0.0876342877391864,0.0066518289637374,0.0855724563053237,0.0068224688356364,-13.76090322464145,0.211244487220293,0.3066763868599603,0.06741475064641,0.0394746699729475,0.0129371471522791,0.2118736768622993,0.0198055855175338,0.7226673427587618,0.0722723191227115,13.056892307692308,0.7592689519981256,294.88527487154886,5.781324346202858,0.4048923117156175,0.0153678130864336,0.7020067635883351,0.0481306890214586,0.1184857066350207,0.0243151770345521,0.0835511343089719,0.0171118865368608,499.8964291034789,22.9496839959756,61.133531014604,4.87948162680011,6812.858008880933,1556.3646048861297,584.5277782103964,18.372568507066283,0.0422519385154303,0.0033683062613935,0.045635302522585,0.0032572066600909,0.043947314997598,0.0033099368071572,0.1490494713866066,0.0280508257499608,0.1556526006156021,0.0284466802006532,0.1523374664591137,0.0282484977833956,1.58778153886184,0.1692139818847545,321.6701235172447,9.21889829576886,50.60219099243968,3.5816812675253,62.61342086679596,0.4911328339740349,48.42108946452522,0.1881511169799993,0.7140438596491228,0.0812527476242842,0.6149716674437341,0.01401942024654,291.50977744308625,15.366825371214906,52.31378680721169,6.0040244206743605,73.92323210170196,0.773567989976922,55.94485361738607,0.3263962391469016,0.785885197368421,0.0760368444433015,0.5516939706387003,0.0146303450133503,271.8827417038205,4.9733151336442525,55.18675412867205,7.918504952960175,56.78625691913241,0.3629256503616482,42.76724971033766,0.1510556746612947,0.7124763157894736,0.0779576208726493,0.5750028258962915,0.0240063689897004,527.9064276755321,35.93003872208904,25.572830420403594,4.600736820834456,52.50835762411632,0.2130261411473139,40.27662260756789,0.0952804993422689,0.6272490131578946,0.0816150517974712,1.0516011673882475,0.0263673790013042,241.048279934734,6.333286625364644,75.4067929451665,11.947981993455889,56.56761103044983,0.5005260855153577,45.764235394303896,0.2017940500307268,0.8755032894736843,0.0580008872294889,0.3888371083756481,0.0146016370149288,,,,,59.30331457098936,0.6114427686289898,44.95934427326561,0.1624899975267728,0.4048907894736843,0.0356878537370235,1.5185643115435352,0.0719173175004543,484.5099882446486,14.093375086662023,40.36672485559237,3.2687897371256565,201.872465622308,2.474035417593045,127.51285470494068,0.7727973245652735,0.7412804511278195,0.0755473667925701,1.0524914863195192,0.0211917151507771,0.1513489096507503,0.0300875237443186,0.1315957384985696,0.0264980012395682,0.1715439625530166,0.0340319919885835,0.1812238370155508,0.0358272061338273,0.1600125377672432,0.0319044647439014,0.1437791126670497,0.0228282430289118,0.057378549681246,0.0114228642866481,plateau+tau,735.0,0.0,1069.0,0.0328416362691693,ok,500.0,200.0,8.0,8.0,1.0,500.0,600.0,92.70717450975718,0.5890130802332173,65.39752958886145,0.4195845936284577,353.01064499060755,0.0,221.62446497233373,0.0,136.02230380216915,0.0,489.9760757598858,0.0,0.0052811759703689,0.0,2.002900171640571,0.0,19.597757222109944,0.0
ND9,ndsm_acetylenapthacene,Acetylenapthacene,1.0,Non-Dissolving,0.0,336.34452,691.5716941811104,21.49260552586765,3.206322056022885,0.1188545013137942,567.1325021877535,9.45311001727179,16.229281528378586,1.172395712798605,219.6506113494044,16.804894880510414,123.80159442205624,4.885936596625753,68.79710890831554,4.356047802572597,0.1204734651456412,0.0097524718631876,0.1237546378194368,0.0098173906587068,0.1221178213803489,0.0097861500986236,-13.400172787300804,0.1681124956345388,0.3356783562984133,0.0482454073667604,0.0002566962581779,0.0062477844993608,0.1439159567325852,0.018675603485977,0.8906420018452138,0.0078251390262001,11.813641025641026,0.3622319293108284,304.80427217010845,1.551559292069022,0.4062308450073951,0.0186576465442398,0.8783151500399974,0.1359793331000627,0.0627566854311281,0.010426728166443,0.0443070184848786,0.0081221740526036,306.31298874425283,21.856308083008127,49.81865600695524,9.738999708337836,3138.972913424821,885.7448994307291,256.6961015799752,9.655638011391565,0.058949519043597,0.0056431231914897,0.0615701774522431,0.005716851445998,0.06025984824792,0.0056798220072316,0.2345933858878056,0.0481033667510337,0.24124289925458,0.0494063223089073,0.2379181425711928,0.0487547165620246,2.061945292189608,0.5911540193402662,271.7887535897381,7.548669392690525,50.29210372167114,4.454741554282819,62.6293246715868,0.4968309357281728,48.464801275016,0.2029065961130621,0.8442312599681023,0.0193025995854925,0.5877148846966873,0.0187035022049805,259.0992114851963,10.563412983644012,54.36848276512612,4.986164584841739,71.00504842542993,1.059817388109845,54.72477589524098,0.531020334700202,1.0,0.0,0.6188166616892732,0.0093028099571286,211.3331138568133,7.235439068343372,45.5480529062735,5.75005354271166,57.519342543619445,0.385635133107667,43.1492818741711,0.1612278928383325,0.9647894736842104,0.0203305587393876,0.4883851046026948,0.0158935212947691,449.013416661621,35.13273361132073,34.778230097785965,4.961844855455664,52.17129342327833,0.2613071712351505,40.1061423873149,0.1059222532839704,0.9076513157894736,0.0079012194974778,1.0409669773593937,0.0204299092340356,146.29069403706683,7.014488211837344,55.25066486843631,5.371530867120413,57.03543153910841,0.4862810189993334,46.0584820593027,0.2444557359632994,0.9379901315789474,0.0002209088596151,0.3630850253746077,0.0077502782618946,196.7120818562124,0.4342801993176764,61.51329399034503,22.506006498608254,62.28352189597105,2.9098980236264147,46.11593213594876,1.1279699079984535,0.4601578947368421,0.0201663120390495,1.597450201196314,0.0532882092252344,437.1652240102441,10.75482995796783,50.19684049991434,3.77358123023262,205.03546645965773,0.5545235343141565,128.50840765380855,0.1627932336493608,0.9200751879699244,0.0111231143697597,1.0935553184130964,0.0152460055733859,0.083217988231998,0.013812631689623,0.0738260726085384,0.0135679364674882,0.093225432952106,0.0169484376616355,0.101097130458289,0.0168660289448448,0.0879158472562801,0.0146783426620504,0.0864835729597304,0.0155644451348433,0.0314933513596885,0.0052424649775849,plateau+tau,98.0,0.0,1069.0,0.0340088256435654,ok,500.0,200.0,8.0,8.0,1.0,500.0,800.0,91.28279107391717,0.2588456937530408,64.41453475681249,0.1028717422596421,376.3417723609964,0.0,229.73210818968056,0.0,137.3715121608616,0.0,565.185887186452,0.0,0.1598049796169486,0.0,77.21271159820668,0.0,2.962831374703287,0.0
ND8,ndsm_anthraquinone,Anthraquinone,1.0,Non-Dissolving,0.0,240.21536,672.1594869890962,22.716397790082105,3.012930349181973,0.1187244723579741,530.4716408000334,11.81451064599598,10.0201556063454,0.2786428452710413,229.18099337948783,16.871161117351587,129.82113648873982,4.490579391844037,69.75020863906727,3.130471574432957,0.132663633769244,0.0091342426016946,0.135854447770349,0.0092645699687775,0.1342590407697965,0.0091987449847368,-13.486828571259624,0.1876445250113759,0.2402514955065274,0.0678220491015263,8.23822609937086e-05,0.0063921513211197,0.2823065036960618,0.0265879411536793,0.9341197669304038,0.00182752516338,10.56974358974359,0.4300205949821981,302.4480416896915,0.8489470640655845,0.4299187742252391,0.0153787547218302,0.6627954921763877,0.0761142743824023,0.0743217458300276,0.0132176180907517,0.0524288856508841,0.0093712722046368,298.3929651363387,12.681304792370966,45.77173574526445,8.018167263286637,3242.115838268458,809.8598921478916,284.2810944325878,8.928646751912346,0.0725083355576224,0.0059397630294274,0.0751352295037322,0.006024489828259,0.0738217825306773,0.0059820473108295,0.249892381110376,0.0366631218184077,0.2562740901153852,0.0375782486510253,0.2530832356128806,0.0371196695118384,0.6904318211765237,0.2445234465214322,247.33680671830675,7.732219355118553,46.0051913796754,2.1884007452478103,63.45386859667608,0.2925521346870058,48.81045889091492,0.1462553358003054,0.969968102073365,8.924471051121849e-05,0.5952747153904188,0.0107612285318795,243.7179987818705,15.40908203983352,48.43126876681277,3.1573597669434523,73.1264335485116,0.647715258886911,55.48228166159605,0.226796754310104,1.0,0.0,0.6294337741687434,0.0129831795099257,245.35829445860185,9.362973370990822,40.08615024021865,3.948526906463803,57.89768931776519,0.6490057553865454,43.17403242423554,0.281074965427925,0.974782894736842,0.0166578551810196,0.5142453836305283,0.0203821393980036,493.1804065069837,29.531385163187377,26.5578545386161,4.516027776904019,51.44293241189809,0.3555656024320107,39.80209625718858,0.1571450937825018,0.9163190789473684,0.0100185158548709,1.1211416030490844,0.0395689061232433,143.513850472536,6.05402842407682,51.24058835670391,2.5961326308646613,56.54179556351443,0.2723442278698745,45.810312939362646,0.1251049937620253,1.0,0.0,0.3629900065988117,0.0128438190986743,203.0501322883696,0.3141597526497566,130.90795859659704,50.52924744550383,63.41499384777364,2.257424695348334,46.49030701544347,0.887054705783724,0.495638157894737,0.0235443234534197,1.5637136565983567,0.0852957159246158,438.1069459111959,9.24806478762294,42.54829726321208,2.284678230042959,205.3167943825746,0.9341050511220564,128.3251519312932,0.2696565718272878,0.95287969924812,0.0001402416879461,1.132002988399764,0.0197991642485313,0.0970678756337381,0.0173860494816754,0.0850434318380266,0.0150949859281423,0.1096522124230137,0.0201418604390142,0.1188192689823186,0.0209082649962793,0.1030731395895767,0.0182236131717384,0.1025861847264118,0.0189782012783932,0.0369488425034121,0.0065827261529198,plateau+tau,105.0,0.0,1069.0,0.0349890101083904,ok,500.0,200.0,8.0,8.0,1.0,500.0,600.0,90.39201985178046,0.285569488394823,63.68360857553995,0.0932552806130214,383.6879911369472,0.0,197.46302214911955,0.0,122.01669747293433,0.0,516.4134618965387,0.0,0.0603107977505318,0.0,28.440286308293494,0.0,1.8553552200008496,0.0
ND7,ndsm_aminoacridine,Aminoacridine,1.0,Non-Dissolving,0.0,194.2361,664.2319508579153,17.21946418994592,2.912933678545463,0.0983033178548884,519.3162762855939,6.508997542851062,10.604701585364952,0.2324905719817881,232.84720698955883,13.874730362712894,131.49404775620175,3.285410268876696,68.65198544916764,2.7283361419292387,0.1062366758277614,0.0071888751740197,0.1090757449012101,0.007238949989484,0.1076562103644858,0.0072138329532287,-13.540583905297437,0.1598861810614964,0.1939490688544942,0.0601366192395843,0.0001041333585995,0.0062682167266424,0.3102089885918833,0.0324759067746966,0.930624003365792,0.0017426764444868,10.921538461538464,0.3438356987793765,306.1934471476508,1.2776446146073377,0.4304418544902406,0.0124580094962907,0.6287718421644045,0.1132607123711072,0.0932907828557592,0.0291501871228042,0.0654587568063837,0.0204524273857126,286.6728026506065,14.508534123668705,49.504347888528265,7.890542185780628,2766.8039705861074,671.8922019596414,270.0569756834944,8.339474291669744,0.052286161585757,0.0035934897226788,0.054651871024708,0.0036125445075436,0.0534690163052325,0.0036030134611378,0.1696993339301731,0.0266808623786231,0.1740366635536951,0.0272452611291779,0.1718679987419341,0.0269489756747619,0.7367096028006458,0.2606584571560455,226.91750340657623,7.345628320374853,51.50920030367836,2.9986638607978926,64.24826474047633,0.4385042458917836,49.14327967568303,0.1991241152705492,1.0,0.0,0.568663017345004,0.0093236442113745,217.46734493693563,10.261337888357202,55.1505914501691,3.747098012582396,76.81221130043421,0.4438277135219114,57.22296760612879,0.1710750787859586,1.0,0.0,0.5434136533372103,0.0100195757667044,195.327753351454,7.893166890494728,51.11334198618021,4.690968837297225,58.4642354011992,0.4926333489227638,43.39926090168749,0.2092766313071864,0.984342105263158,0.0124818615523286,0.5118832430347496,0.0099410522071656,581.3659462502429,33.67445736435913,23.030949404145105,4.901088281174236,50.88220328596719,0.1942484613453724,39.53554810750586,0.0876830010742381,0.7812401315789473,0.014812544779928,1.240918071273278,0.0194828255664947,155.06509319781577,11.49983060461106,52.38436596191135,4.514316289850004,57.38450681090966,0.5104829967717552,46.08176588873986,0.3064563599030706,1.0,0.0,0.3869225841534709,0.0117977568817802,627.2547658024286,3.4303463455194887,5.336534960307745,5.3600819018843655,61.25266545809232,3.3300501448606794,45.682284571721006,1.6546984665970486,0.4450657894736841,0.0212583338000037,1.7101443849645337,0.0703723227502844,439.9772516626744,11.94104211414274,43.73857457703422,2.7483525217526634,209.090079507368,0.7072169785966373,129.69068315891363,0.2676317231855545,0.9532406015037588,0.0002991109925533,1.1258196305179602,0.0172847548626684,0.1214404851131984,0.0382681334732404,0.1047780560517266,0.032889618555103,0.1368431194120248,0.0421523592683997,0.1499553325282997,0.0462515874671308,0.12942744929067,0.0406765600562264,0.1261802198274749,0.0381784224910641,0.0461248436172978,0.0143686170642797,plateau+tau,105.0,0.0,1069.0,0.070022349727635,ok,500.0,200.0,8.0,8.0,1.0,500.0,800.0,91.37384087154588,0.3032605568942904,64.0009485767276,0.1261523752969969,390.3959723168985,0.0,195.53712048212807,0.0,120.01478100718089,0.0,521.3127181404979,0.0,0.0699457641712371,0.0,33.33954255225257,0.0,7.694959055694624,0.0
ND6,ndsm_diethylaminopentane,Diethylaminopentane,1.0,Non-Dissolving,0.0,158.28774,575.6388145981903,61.142362370477,2.50727599106719,0.137330257528283,434.7932148275773,39.28806479150002,10.501277617466846,0.1885866882729856,247.38598967309903,39.03767574724949,140.4339525532889,10.297314140522625,75.00143385171638,3.68173251200079,0.0893459136306447,0.018301913651247,0.0918438595330428,0.0185918325229553,0.0905948865818438,0.0184466562639085,-13.529381421608308,0.4017987323056317,0.1581214539300282,0.0524352511059305,0.0001218151200892,0.0085072422034229,0.3319892233731941,0.0540304881596672,0.936216098878252,0.0024462281484321,10.088820512820512,0.5293913563359954,306.8309200125825,1.0479192474508958,0.4572031682799666,0.0320967748400856,0.6069277488633663,0.1119559087963541,0.0894651574583567,0.0173885915760596,0.0633135868450139,0.0123098642450982,301.97790874382264,13.106330810409762,47.31285384969141,6.879098012109078,3212.3285023486715,636.1757757258441,301.062925050313,8.482519905845283,0.0406272795974086,0.0052146009873097,0.0427156694348505,0.0053794753712338,0.0416714745161295,0.0052969653867769,0.2054541561261281,0.0784753738368081,0.2110272312187842,0.0804576465865552,0.2082406936724561,0.0794664519496453,0.7554757659999161,0.171656796683029,240.3181668105165,5.398358112874336,51.76480987930299,2.4822364212575545,63.371600957815645,0.5065418884503885,48.800673681477015,0.2310130341009663,1.0,0.0,0.6092101962473631,0.0292735574340879,252.58694318333443,12.89011752356694,54.16803016569286,3.715018712316069,73.19521360380223,0.5079824217947131,55.63016965460165,0.2060570080411301,1.0,0.0,0.6181255953281184,0.0212034302037814,268.138734223383,12.819392208090374,48.58688809635285,4.600524133922092,56.95949688990064,0.4297380699675417,42.87273560524363,0.196960132474562,0.9466184210526316,0.0211706935480659,0.6112673180907816,0.0362130687529605,510.41460868141405,46.43313428344808,26.579078734920028,4.916506656551473,51.83063045371758,0.2849553126729554,39.96235048723045,0.1403402768206427,0.9038059210526316,0.0327109189063182,1.121195029335487,0.0159981143133212,163.5860867312149,9.683437390111257,51.9011776819028,4.150854008049845,56.88600516249582,0.5992085594722301,45.77101687708879,0.3093093703460887,1.0,0.0,0.4142380247334414,0.0317532935378876,646.114494364389,4.181892751665176,17.69770307078128,16.385202880502575,56.235861784519294,3.519601504647925,43.299525472200834,1.4477676661708545,0.4914342105263157,0.0298682768462241,1.453045951703998,0.1105519999663401,440.8579564059639,14.813833846566167,43.35391317583977,2.751908204017939,204.15144378411705,1.215301845803728,128.0726971473107,0.5941101186374909,0.952614035087719,0.0001224462755248,1.136143743832487,0.0237294644230913,0.1164381924998,0.0223862981794619,0.1032826997807365,0.0202775490011305,0.1334223571390697,0.0259188584157981,0.14343276286331,0.0280181099154855,0.1244297151904321,0.0239334608589859,0.1350066491609886,0.0270512937262787,0.0446436376127378,0.0087142169063173,plateau+tau,104.0,0.0,1069.0,0.0379300361339741,ok,500.0,200.0,8.0,8.0,1.0,500.0,600.0,90.2495153358348,0.572694188858904,63.835342571394726,0.268889264358875,392.1721752384324,0.0,179.73568834829848,0.0,113.12631726175012,0.0,491.0642842985406,0.0,0.0044500812390012,0.0,3.091108710295392,0.0,5.989699181170342,0.0
ND5,ndsm_hexanediol,Hexanediol,1.0,Non-Dissolving,0.0,118.17638,563.9710059682942,81.5238980990357,2.9820839884514814,0.0924071241660828,463.1355056467093,59.13205239844768,5.78083138823406,0.1295340004033668,196.13086939459305,30.391129798486062,142.4442008646689,15.755343983271596,71.19427328652559,7.240785504283365,0.0714093982539867,0.0128355005378829,0.0742394584327503,0.0136064901403745,0.072823494256254,0.0132212527539946,-12.970703362949637,0.3692275772256839,0.1182539837135564,0.0682114001286014,6.376574796282964e-05,0.0097132437438575,0.576809196786025,0.0819629677803088,0.9641584376742636,0.0022366427317604,10.22,0.5567120160922113,315.15176230180634,2.2104454930022297,0.4531789582939123,0.0519640640637007,0.562002752200667,0.0936771849644408,0.0777701166179132,0.0122573012923521,0.054579224569278,0.008588605616226,304.6413294442162,17.500622817753698,51.60472413887702,2.7589990711928807,2997.346372003396,533.6389891862765,297.1094430288275,8.21796805710366,0.0313168062660438,0.0025848595159368,0.0334925256335331,0.0028616235802161,0.0324045034079088,0.0027231975967068,0.0962597564091982,0.0376928156540231,0.0990454192020388,0.0388847690184596,0.0976525878056185,0.0382887787352087,1.0726988742580228,0.3691599871536938,267.5583213089636,9.799944038407135,53.61201817696917,2.4281869188569174,63.03825951250337,0.2422212664692841,48.59625158853834,0.1173638354984709,0.9954226475279108,0.0046191607365874,0.6477486915168891,0.0069895189219001,256.8555756210045,24.298682478059863,52.55891871317497,3.660672454804444,74.84296157721984,0.4381585560381034,56.32114750314371,0.1966356778817006,1.0,0.0,0.641164177381934,0.0230912786350904,279.6610208981045,8.583389609628039,49.44740442592888,7.980662797206807,56.54187619006817,0.4621247316304755,42.66669589393811,0.1995197831578057,0.963453947368421,0.0181557708540871,0.5869217777202419,0.0159890953513205,539.9627733960958,52.894364388022325,21.31276837265618,3.8550283742900655,52.046230076233954,0.27004410348745,40.02638538600563,0.1039846166247078,0.955065789473684,0.0086977715927402,1.0688145271714982,0.0199510392212324,164.87157396190227,7.991278876919834,57.431953616009466,3.5758699540880747,59.09535302261205,1.1191139615634125,46.87000712298125,0.435411318496949,1.0,0.0,0.4170905700624634,0.0242047467002245,,,,,,,,,0.5112401315789473,0.0633860255786003,1.4315439936786574,0.1466519924430021,453.4447716421095,12.96044817870843,48.51258900533258,2.8463662970849475,206.41175460018025,0.658090416149805,129.00460326746006,0.2349387698395146,1.0,0.0,1.1525848802244756,0.022102377157703,0.1038762004007043,0.016377169007907,0.0896247399671253,0.0141996372761344,0.1186958331979303,0.0188082673327405,0.1261440131738627,0.0200287767473403,0.1077765000705984,0.0171806993534354,,,0.0390124402207105,0.006102988646312,plateau+tau,104.0,0.0,1069.0,0.0441046219483852,ok,500.0,200.0,8.0,8.0,1.0,500.0,800.0,92.29996149160068,0.2805100070297537,64.83081095332972,0.1600338207382475,384.04696254624014,0.0,178.0412892162989,0.0,113.26315215981474,0.0,474.1874099473986,0.0,-0.0291987580857246,0.0,-13.785765640846668,0.0,0.3656121799138239,0.0
ND4,ndsm_propanedithiol,Propanedithiol,1.0,Non-Dissolving,0.0,108.21676,661.1239782195881,15.225445175409671,3.0904570828845803,0.1471485350094619,532.2952491539672,10.753850355806565,5.165960391066982,0.2306781527690538,219.7789612894892,13.909699713900562,133.25246104426867,2.419867837487693,68.27945232135022,2.114756891473334,0.1379496961138212,0.0110854583781021,0.1408283728272614,0.0111837934751688,0.1393890344705413,0.0111345314139042,-13.388638482048291,0.1472287953044212,0.1080763293088681,0.055949763270758,4.487062423315511e-05,0.0036468187639649,0.5176055459232495,0.0337237928289653,0.966494478537958,0.0017720826535815,9.684,0.3943419654250046,308.8870514351387,1.5083089196951522,0.4316948884335562,0.0081084623836604,0.5478781078137056,0.0937082779875356,0.084633667380976,0.0239386402173369,0.0594025119624511,0.016864090169926,297.5766216048816,18.67736865828821,43.08804337765235,8.72482257933542,3425.228856400196,871.2596214559214,304.9193287993889,8.929170184350857,0.0732072573384865,0.0072522732514965,0.0758140765584184,0.0073833882633579,0.0745106669484525,0.0073178230561219,0.1709465247628435,0.0167675284738834,0.1745866903543648,0.017039978654757,0.1727666075586042,0.016903577475101,0.9761907897600526,0.4164175728823326,218.8472074019464,6.370155956546785,44.0757450141777,1.6415563992719595,64.25599818948008,0.3198597183052136,49.200132572485295,0.1263267311412499,1.0,0.0,0.5614382450626003,0.0156968619113504,255.30852955881087,9.74640167135298,45.14697716916028,2.880197840499537,72.85615568236817,0.7467687539114483,55.33761988769433,0.3130000038657007,1.0,0.0,0.6366934526323288,0.0235476319156324,180.8275150454388,5.280931575852377,42.48695894194384,2.762752418370733,58.84706856032151,0.7372619898665838,43.597417164937845,0.3285041692546755,0.988157894736842,0.0089814814814814,0.4729846988464513,0.0294103648150728,534.6075143457095,30.62956799065858,26.242877473440306,4.236586604010276,50.6603521059756,0.2741936010346293,39.45395593595679,0.1190974114649818,0.9486973684210526,0.0095846751610258,1.2058413827339838,0.0309829360641168,142.00442166930756,7.037406351963593,44.210203998461935,2.378097021787789,56.66940208438727,0.642625651507769,45.781236970375744,0.3081477448819271,1.0,0.0,0.3683232347203147,0.0119878387270552,,,,,,,,,0.5191776315789474,0.0500443154951137,1.6109435458209251,0.1268030351540996,445.9857193121388,9.122037609359246,40.45908908661974,2.249033639370702,209.5133330291264,0.7930461216670021,130.26570294685038,0.2360274262815923,1.0,0.0,1.158443114811975,0.0214227487654768,0.1110026459458565,0.0314045284646139,0.0981489122857284,0.0274305684471366,0.125914691189491,0.0355725503421645,0.1384947084170904,0.0390124660086302,0.1197952142581138,0.0342569549259376,,,0.0419836102597554,0.0118418472246838,plateau+tau,108.0,0.0,1069.0,0.0418684470703749,ok,500.0,200.0,8.0,8.0,1.0,500.0,600.0,92.25408787395732,0.2338373498539273,64.6630360171621,0.0714624304776074,406.2620617205422,0.0,197.44020436982848,0.0,121.23181750902393,0.0,535.9050687469893,0.0,0.1006472650219555,0.0,47.93189315874397,0.0,0.0493199015230782,0.0
ND3,ndsm_ethylenediamine,Ethylenediamine,1.0,Non-Dissolving,0.0,104.15244,594.4567862974867,19.13007969612377,3.1380974976336304,0.2588156004158173,491.7937701494871,23.54871161201872,11.25772629377069,0.3639573542785237,194.8575561385072,13.66705926228758,143.1823670116194,2.579341473494477,62.70963312155625,4.201497941822456,0.1055938100107885,0.0109792757800218,0.1080628705543976,0.0109454741877834,0.1068283402825931,0.0109623673360863,-13.10317501083953,0.1582708091110208,0.1040931419537069,0.0513910721941744,4.403064816680076e-05,0.0051550415063051,0.493727395186638,0.049470524107918,0.9276784037524424,0.0023434453441108,10.238461538461538,0.5630948591562203,303.64054563806855,2.014747766904234,0.471551932232377,0.0078754698870546,0.5284378167773217,0.1059006135129327,0.1530856282992826,0.0611227355764582,0.1074641265826808,0.0427502922840178,291.2271510668168,17.862886343647407,39.92821573838601,2.035276157424618,3540.238899153427,582.7288910816856,299.18388129627255,9.297974501349753,0.0575386358311498,0.0148131651277994,0.0598464276642281,0.0149068865775019,0.058692531747689,0.0148600170685524,0.1078764475467082,0.0054986388676865,0.1105629723054927,0.0056576469147075,0.1092197099261004,0.0055780958637222,0.7247366765670084,0.2903392013853283,219.46276065922044,6.289902728838312,43.83186334234848,2.2723105491481794,64.42853107821473,0.450869162101605,49.210795677067686,0.1454780715609668,0.9129090909090908,0.001572700641571,0.591630873586996,0.0070160512340689,233.5126051164221,19.482643703626387,40.85027978522636,2.7372028697440007,73.34106164345376,1.3337135742885369,55.59382256701054,0.548061813589099,1.0,0.0,0.6143533857285727,0.0202146563382913,240.27176028712893,8.671532995852582,42.07204460816615,2.936862455803311,58.60456850707225,0.7881160145048294,43.5641524824224,0.2689676765859526,0.975657894736842,0.0124546502462815,0.514378740543792,0.0167846103784377,465.6010631783217,38.095353160431785,30.131476981938647,3.310243377685298,52.23408096822103,0.3296405579013959,40.17924796964486,0.1575409760825714,0.9183881578947366,0.009970822655216,1.1002583563333606,0.0297860062090432,148.72353980162953,5.945358110129397,47.77828713853642,4.127590301613259,58.4729055160009,0.4073280347623916,46.51391528382669,0.2057866915294151,1.0,0.0,0.3885987724180732,0.0253878785176381,706.5263210722205,3.0560238078473496,10.207209397867802,14.531713115444743,60.89906575090457,3.830041754581356,45.26076943421975,1.5466718792487428,0.5005328947368421,0.0300647427193908,1.4513323098407522,0.0476368347316404,433.0506569824409,18.580301383706093,37.84818573404005,2.526853215390847,205.67290674195905,0.6815254615920185,128.56290610515885,0.3097277303674254,0.954380952380952,0.0008237955741562,1.164250672639919,0.0113858694265203,0.1983738054519276,0.0793524759614215,0.1765565507977986,0.0706103363016415,0.2243285142180137,0.0897905084517878,0.2426183579640258,0.0973432525375789,0.2063871422546729,0.0816660734836634,0.2137560973774033,0.0853023121770978,0.0756762625777582,0.0302055040911168,plateau+tau,106.0,0.0,1069.0,0.0274656094376828,ok,500.0,200.0,8.0,8.0,1.0,500.0,800.0,90.45453679916938,0.616176941293127,63.63457434509963,0.242334779394981,405.5292907939766,0.0,184.60236911726952,0.0,115.76572386974364,0.0,505.0674417566052,0.0,0.0357412171949968,0.0,17.094266168359905,0.0,0.7467102464838131,0.0
ND2,ndsm_valeric_acid,Valeric Acid,1.0,Non-Dissolving,0.0,102.1335,627.1857641521599,22.769126839275565,3.095326330042057,0.1777410752920017,509.3994130786618,12.306085633929046,11.24318219599301,0.2336380854678516,212.7496511327205,18.178226921898368,136.0076732757006,3.7035743905302048,65.97499620898819,3.115352328742135,0.0909082375854916,0.0040078688422048,0.0935587716335735,0.0038316787270676,0.0922335046095325,0.0039988724783931,-13.24587919960728,0.1899053384127729,0.1018791353856418,0.0315153432197321,6.696939711493118e-05,0.0023550440560193,0.3092060554541126,0.0231084311948275,0.926864496838939,0.0014626709680956,9.941435897435897,0.3446093649354438,306.9637974927967,0.8314910399402845,0.4435642840692381,0.0126777941104132,0.4026779417237609,0.0848264660708087,0.1644718441253004,0.0714827475178371,0.1154171304974469,0.0502540691441363,297.378174168974,20.117543343940373,41.7513204000176,2.969086276111135,3530.1789111015896,730.9872131867153,307.51297632315914,9.664618452244786,0.0455629032492044,0.0028978561713695,0.0477209475166035,0.002951166870069,0.046641925382904,0.002924496186033,0.1529837359251384,0.0255127313048178,0.1572653232370487,0.0262745242825427,0.1551245295810936,0.0258934911673081,0.6347784737364977,0.2384715874858036,217.59919904699208,4.948065755382769,43.96164012715667,1.9788110821745188,64.13741584062578,0.4075941999581967,49.06856975779167,0.1618324859333189,0.9705151515151512,0.0003201594339583,0.526330561809685,0.0102864959476361,252.9174996662809,13.752832640341929,44.7035661428923,2.6127436449955903,71.99929142826441,0.3624814147450659,55.25678090003903,0.2610162412134373,0.9389901315789472,0.0006454929318935,0.6206014497513032,0.0178333475632094,195.3002326401356,5.336979372042824,44.44006453937261,3.183076663149365,58.3677891826385,0.3328445864874231,43.43260022506959,0.1557780497804819,1.0,0.0,0.4713782125230292,0.0107976719857618,561.080439513378,26.6477607239741,25.90290961616588,4.437952579638623,51.6465318560152,0.2691956116488928,39.85801600511665,0.101881272173053,0.823453947368421,0.0196377947119847,1.14404989260744,0.0354495658089619,147.81912508834247,7.784650737672298,46.44473044714977,2.641591427079544,58.7543530582159,0.6322656938034016,46.4408653907776,0.2712055624652907,1.0,0.0,0.3584751579883508,0.0120262200367927,,,,,,,,,0.5149111842105263,0.0320297333526317,1.6198511779756797,0.0700202065911032,452.036287647036,14.05762243488342,40.14940315635621,2.224059884752624,208.19726272927312,1.109185375203093,129.60394886987146,0.5128458280640359,0.953666666666666,0.0005031076819345,1.0930923973591864,0.0160673824953022,0.2168375067735379,0.0950622583836842,0.1910348072382652,0.0826498131407693,0.2427511208276903,0.1053195165887307,0.2672365455936364,0.1167750983609436,0.2261726934369858,0.0978078166610493,,,0.081928354384721,0.0355852856388074,plateau+tau,105.0,0.0,1069.0,0.0338014087750635,ok,500.0,200.0,8.0,8.0,1.0,500.0,800.0,91.73016417322208,0.4126576211401366,64.39998574571689,0.2313448864470534,401.4793899544747,0.0,196.43029883952823,0.0,120.80090877867016,0.0,524.5210871465487,0.0,0.0755513332977552,0.0,36.5479115583035,0.0,0.9174819641999412,0.0
ND10,ndsm_anacardic,Anacardic Acid,1.0,Non-Dissolving,0.0,348.52712,658.0012799076195,25.106484304321526,2.145873797241228,0.1102187353958466,582.3831459953332,11.348389804972872,75.69159273388514,0.5110651701178319,321.7290127952471,30.02259987878205,93.21545072797537,2.5476498896225785,55.63177723569208,1.823268785310588,0.0572239354737526,0.0080047931630126,0.0649949711876538,0.0085996209480685,0.0611094046793708,0.0082991846808172,-14.245080405206878,0.2592064540571374,0.3479923592447552,0.0895365493343837,0.000222320580441,0.0077377621189171,0.2576776135256808,0.0223682220292287,0.4268254088291315,0.0066434891889289,14.924205128205127,0.5068093163385723,287.0881855082337,6.572415827165051,0.3309536894278793,0.0103039224414578,0.8908218997185481,0.1914563592166788,0.0373220830944902,0.0085525973835053,0.0266835084049782,0.0063280793559377,209.64689015247984,18.284147178687757,23.627486600692308,2.514147280480618,3100.33107438225,748.3945896129807,135.42504828100047,5.170106518001573,0.0251196563615069,0.0027006983876785,0.0299951794822206,0.0028669165524324,0.0275574179218637,0.002778504788508,0.1066601223826311,0.0130641898460406,0.1214364284325177,0.0117379903706016,0.1140029949844562,0.011231378929847,1.7104707296349324,0.7147501597465438,174.02617430705837,4.004822342875436,24.90324453202649,2.1318391728059263,61.47521910265943,0.4464965101845347,48.14757543159254,0.164869741787772,0.3545295055821372,0.0063363217027232,0.5134760998829921,0.0262668232284324,144.92470761921987,4.080035355597843,26.06102032885588,2.6602728195487417,72.36216415816088,0.8994821152716517,55.49753895035768,0.3290522567371858,0.5193157894736844,0.0068218497214889,0.4785500285464483,0.0200146003839238,137.1362703031255,14.314335451047318,22.10247498291743,7.93435228458915,56.62073721959042,1.346623276423773,42.81569692073725,0.6563747242084153,0.3108190789473684,0.0143541545345084,0.6204724011155827,0.053369689142327,837.7553566957255,6.058602976697662,36.92181935130824,118.766610753744,49.72824415881816,0.9320533654677572,39.04994735639524,0.411881505254087,0.2006480263157894,0.0271137994152555,1.2586454130292837,0.1988792746185556,110.69400576477638,5.273821223432227,26.50509449261301,2.471796344134391,54.580196889063686,0.3734269372712628,44.94157757936492,0.1665656301376035,0.6977598684210526,0.0028252122782208,0.374878989480013,0.015164139025118,,,,,,,,,0.2240888157894736,0.0257780654959654,1.8257820001992704,0.1528402435298631,354.24453363757294,21.909045282388508,21.078684835641774,2.384236866351667,198.8429843036184,1.7448720060388436,126.46591204686176,0.6957403480381342,0.4472180451127819,0.0038805515174078,0.9643906181935434,0.0326150811116684,0.0973538318843395,0.0311359871988436,0.0843282349749122,0.026468118576052,0.1089412031566058,0.0343873727722687,0.1185004570468119,0.0363009733720993,0.1042184042054222,0.0331762529691058,,,0.0375958210918586,0.0123830396438458,plateau+tau,40.0,0.0,1069.0,0.0195098497230895,ok,500.0,200.0,8.0,8.0,1.0,500.0,800.0,,,,,341.1348198483944,0.0,266.9717216778326,0.0,166.68579534045793,0.0,538.5712896170004,0.0,0.1057474918041795,0.0,50.59811402875514,0.0,6.495390397048754,0.0
ND1,ndsm_dmso,DMSO,1.0,Non-Dissolving,0.0,78.12922,626.5404469543826,23.38171834755421,3.237615478203942,0.1541183702423402,522.2866046997761,13.3328051657318,10.98953970252903,0.3132682311357774,201.5690743347573,13.975613723428406,140.52728815495888,3.569779558129329,59.66535041763864,2.140017725563253,0.1207311722158436,0.0100546157198646,0.1233975909365311,0.010177530937656,0.1220643815761873,0.0101160214893887,-13.13809156844614,0.1962978019177993,0.0779661244779983,0.0158647130474653,3.0993655987131524e-05,0.0011034154177067,0.2036046777340323,0.0140808616077067,0.9278098560119628,0.0023320607597484,10.205128205128204,0.5325791774439871,302.62532661441634,0.650553805503963,0.4645013167717283,0.0066361752283738,0.656324645978448,0.10383415047655,0.0820970397955437,0.0183770402959523,0.0573979012010868,0.0127750901394106,288.92429236469826,15.158424472185745,46.87205677040264,6.312619943745935,2968.2662574898764,575.3850413888952,319.80518238664786,9.967060601393795,0.0669426489437351,0.0056423596324838,0.0694452911640351,0.0057492727585519,0.0681939700538851,0.0056956118405938,0.1938171406016469,0.0358475901473116,0.1983586781091931,0.0366357465466292,0.19608790935542,0.0362416497626685,0.7566993361647236,0.2470489847169824,234.16466159460808,5.113417576938978,45.375685026865945,2.4318503389636104,63.89658976317753,0.676811312690082,48.99185315631145,0.2693960247234095,0.9406140350877192,0.0007706810451843,0.6089508491534897,0.0184379398177797,218.93732101842755,11.720536776416868,51.69605560804959,3.826644703395486,75.45810415827923,0.7689468861605206,56.40760621244479,0.276957869253331,1.0,0.0,0.5692900152488258,0.0117592559556603,191.61482662751771,9.996582534739444,48.23816829413835,2.7413781453348487,58.31384993236493,0.4087346170433066,43.39938306686205,0.1638885917303298,1.0,0.0,0.4894774780229993,0.0167981344342442,481.66989687913673,43.682883988178034,38.3212527673927,4.412833221899431,52.8838017333771,0.360104292564338,40.37696651985151,0.1426711490766092,0.8383322368421052,0.0274542873050595,1.085866436988966,0.0545057902094995,138.55037220429267,9.59884063708105,50.46946009974812,3.373950121196886,58.50685265862637,0.5476650554044094,46.58211720757607,0.2793716679507364,1.0,0.0,0.3564609384515611,0.0086299239969914,215.46974350272615,0.6060464119071649,113.92239351759008,78.72420485549213,56.97195030408027,1.1219446827880128,44.2400396094689,0.4324630798136241,0.4628157894736843,0.0295585165862188,1.5952414957088408,0.1035511240456812,440.1891333354712,12.936665859067002,43.63580599442405,2.634341604206677,208.03182696552767,0.9128617128487052,129.42781161988088,0.475728117808683,0.9534786967418544,0.0005819598976627,1.1412263921450303,0.0211822810344157,0.1064278224406969,0.0237556095345634,0.0920979016098224,0.0203996295391398,0.1209244506743646,0.0272818414099717,0.1298721405688509,0.0293415262784976,0.112450239641825,0.0249651634795138,0.1167552663732772,0.0252412590305236,0.0405390793966688,0.0091312569204192,plateau+tau,107.0,0.0,1069.0,0.0313446322628771,ok,500.0,200.0,8.0,8.0,1.0,500.0,600.0,90.85982456443516,0.3794768243683549,63.71041670196497,0.1653810833472126,391.7111566325692,0.0,194.5665802426079,0.0,119.57033836909427,0.0,520.2132168153329,0.0,0.0679169692875257,0.0,32.240041227087524,0.0,7.244665984223638,0.0
NDSM_AVG,NDSM_AVG,NDSM_AVG,1.0,NDSM,0.0,178.841914,633.4881208125844,13.731391916907972,2.9328916249274437,0.1090724692364409,515.3007322824893,13.96843813381941,16.74842490430347,6.620397903307274,227.5879926476864,11.722089739095129,131.41801722994785,4.6769820243721325,66.56562194400178,1.817748256992525,0.1032535938026975,0.00827563270281,0.1065610725596206,0.0080125591848349,0.1049076118970953,0.008141406914087,-13.404853471456391,0.1116963619837813,0.1786261448673989,0.0541108168008916,0.031269974219064,0.0064112976011066,0.3427051157003462,0.044751083892621,0.883143295266436,0.0511373834692027,10.860697435897436,0.4894605462541353,304.46333500104936,2.25780504792449,0.4319239711231533,0.012788611428229,0.6364953397456607,0.047717545956466,0.0919214750888777,0.0122491903740822,0.0646452651005082,0.0085628314630705,288.2751124077088,8.973318548339163,43.927944051646726,2.542536407282451,3192.1811595158792,79.78506355719512,277.60529568616664,16.856131187045747,0.0524059203774511,0.0052621828871964,0.0550387395434572,0.0051701954092897,0.0537223137062662,0.0052148134420092,0.1688182984682649,0.0169852309018415,0.17438363957831,0.0169768771960119,0.1715964409809756,0.0169737120275655,1.012013736228793,0.1538470897643955,231.80195548439264,8.86979884405348,45.53315015038723,2.572917022441694,63.49350724532157,0.2914789127306058,48.8434391706878,0.111375595401644,0.8988189792663477,0.0624876710134687,0.5810438134692125,0.0126830571013452,233.53277369875028,10.973129899297872,47.31351908951602,2.810880980494676,73.49986455259241,0.5482526256211196,55.74747108382576,0.2252601535670876,0.9458305921052632,0.047776826876798,0.5970442193812758,0.0163395010027682,214.4969521691703,13.79550638507276,43.41215490214925,2.623051859424676,57.813665374454025,0.2695210591690869,43.2071256559305,0.1036045803545337,0.9108621710526316,0.0668791322841187,0.5281394358130851,0.0179123438341642,545.465142210863,35.09158052961164,28.977921733836915,1.850063081568129,51.55263004735023,0.2893465811217492,39.83506564122105,0.1243375824834361,0.819360197368421,0.0710174205673414,1.1387697689881775,0.0232597802195209,146.11187629288844,4.810202882088183,48.36165266614731,2.7287135721494664,57.392680230493454,0.4308019136139409,46.08512973193963,0.1747508983774658,0.963575,0.0301710889334025,0.3791063303981107,0.0070057606538627,432.52125648105766,102.30612710641182,56.59751558891483,22.45387309150245,60.17634317355686,1.1889124607682358,45.18147637316712,0.4923204863270001,0.46250625,0.0276618756796254,1.5859048717687327,0.0387380440688038,433.5058480546848,9.039670723989785,41.15213833284148,2.5187819681589065,206.0263852503402,0.9840679928983732,128.79278247474096,0.3393962075992539,0.9087553884711776,0.0518271030122859,1.116150975653744,0.018522166788654,0.1252036354375797,0.0142129519557409,0.109872140715268,0.0127083302706662,0.1414698935190309,0.0159130811936566,0.1536170717596496,0.0175427816057191,0.1321646345194576,0.0145813884497859,0.1301279984042143,0.0181431919846721,0.0475946243024608,0.0053807577012336,,98.2,0.0,1069.0,0.0375044790831038,,500.0,200.0,8.0,8.0,1.0,500.0,720.0,91.21074911505144,0.2599629628094395,64.13036202708311,0.1515362917884186,379.1086474969626,0.0,209.1570451452358,0.0,127.40151358488664,0.0,520.5151363998369,0.0,0.0677172294448674,0.0,32.54196081159163,0.0,3.2299606042665308,0.0
NDSM,NDSM,NDSM,1.0,Non-Dissolving,0.0,178.84191399999995,633.4881208125844,13.731391916907972,2.932891624927443,0.1090724692364409,515.3007322824893,13.96843813381941,16.74842490430347,6.620397903307275,227.5879926476865,11.722089739095129,131.41801722994788,4.6769820243721325,66.56562194400178,1.8177482569925252,0.1032535938026975,0.00827563270281,0.1065610725596206,0.0080125591848349,0.1049076118970953,0.008141406914087,-13.404853471456397,0.1116963619837813,0.1786261448673989,0.0541108168008916,0.031269974219064,0.0064112976011066,0.3427051157003462,0.044751083892621,0.8831432952664358,0.0511373834692027,10.860697435897436,0.4894605462541353,304.46333500104936,2.25780504792449,0.4319239711231533,0.012788611428229,0.6364953397456607,0.047717545956466,0.0979880741993652,0.0118974282963347,0.0688632380666782,0.0083314754636866,368.0155105247077,23.049513594857466,59.13806549122968,6.060962683302151,3816.927243667521,634.7381597264902,314.8296879492073,11.24998292358575,0.0524059203774511,0.0052621828871964,0.0550387395434572,0.0051701954092897,0.0537223137062662,0.0052148134420092,0.1688182984682649,0.0169852309018415,0.17438363957831,0.0169768771960119,0.1715964409809756,0.0169737120275655,1.012013736228793,0.1538470897643955,297.83713255945844,6.807510504317341,45.37258145796081,3.761469794451839,63.49350724532157,0.2914789127306058,48.8434391706878,0.111375595401644,0.8988189792663477,0.0624876710134687,0.5810438134692125,0.0126830571013452,276.8152343849431,9.722131119810578,47.73416965291042,4.278080136088278,73.49986455259241,0.5482526256211195,55.74747108382576,0.2252601535670876,0.9458305921052632,0.047776826876798,0.5970442193812758,0.0163395010027682,241.00383109515167,6.299982162134181,41.83690019829102,4.395216896899968,57.813665374454025,0.2695210591690869,43.2071256559305,0.1036045803545337,0.9108621710526316,0.0668791322841187,0.5281394358130851,0.0179123438341642,467.4216576409714,32.47760975229104,34.144861073707816,4.350408604919298,51.55263004735023,0.2893465811217493,39.83506564122105,0.1243375824834361,0.819360197368421,0.0710174205673414,1.1387697689881775,0.0232597802195209,181.0063166233144,6.35998658542602,40.62511618077634,3.0774249232449438,57.39268023049344,0.4308019136139409,46.08512973193963,0.1747508983774657,0.963575,0.0301710889334025,0.3791063303981107,0.0070057606538627,214.60799302482044,0.6226014345196131,49.70064262246266,36.00463567539174,60.17634317355686,1.1889124607682358,45.18147637316712,0.4923204863270001,0.46250625,0.0276618756796254,1.5859048717687327,0.0387380440688038,447.16509487645135,10.61194104163754,47.51658202746223,3.656771224915696,206.0263852503402,0.9840679928983732,128.79278247474093,0.3393962075992539,0.9087553884711776,0.0518271030122859,1.116150975653744,0.018522166788654,0.1252036354375797,0.0142129519557409,0.109872140715268,0.0127083302706662,0.141469893519031,0.0159130811936566,0.1536170717596495,0.0175427816057191,0.1321646345194577,0.0145813884497859,0.1301279984042143,0.0181431919846721,0.0475946243024608,0.0053807577012336,plateau+tau,982.0,0.0,1069.0,0.0437384723882687,ok,500.0,200.0,8.0,8.0,1.0,500.0,800.0,91.21074911505144,0.2599629628094395,64.13036202708311,0.1515362917884186,379.1086474969626,0.0,209.1570451452358,0.0,127.40151358488664,0.0,520.5151363998369,0.0,0.0677172294448674,0.0,32.54196081159163,0.0,3.2299606042665308,0.0
